Player,Overs,Mdns,Runs,Wkts,Econ,Ave,SR,Opposition,Ground,Start Date,Home_Away,Bowling_Arm,Pace_Spin
Harbhajan Singh (INDIA),80.1,26,217,15,2.7,14.46,32,v Australia,Chennai,18 Mar 2001,1,1,0
M Muralitharan (SL),66.4,26,115,13,1.72,8.84,30.7,v Zimbabwe,Kandy,4 Jan 2002,1,1,0
R Ashwin (INDIA),41.1,7,140,13,3.4,10.76,19,v New Zealand,Indore,8 Oct 2016,1,1,0
M Muralitharan (SL),76,13,171,13,2.25,13.15,35,v South Africa,Galle,20 Jul 2000,1,1,0
A Kumble (INDIA),64.3,12,181,13,2.8,13.92,29.7,v Australia,Chennai,14 Oct 2004,1,1,0
Harbhajan Singh (INDIA),68.2,15,196,13,2.86,15.07,31.5,v Australia,Kolkata,11 Mar 2001,1,1,0
M Muralitharan (SL),35.5,11,82,12,2.28,6.83,17.9,v Bangladesh,Kandy,11 Jul 2007,1,1,0
R Ashwin (INDIA),43.2,14,85,12,1.96,7.08,21.6,v New Zealand,Hyderabad (Deccan),23 Aug 2012,1,1,0
Danish Kaneria (PAK),28,6,94,12,3.35,7.83,14,v Bangladesh,Multan,29 Aug 2001,1,1,0
R Ashwin (INDIA),46,13,98,12,2.13,8.16,23,v South Africa,Nagpur,25 Nov 2015,1,1,0
Mehidy Hasan Miraz (BDESH),49.3,4,159,12,3.21,13.25,24.7,v England,Dhaka,28 Oct 2016,1,1,0
R Ashwin (INDIA),64.3,7,167,12,2.58,13.91,32.2,v England,Mumbai,8 Dec 2016,1,1,0
R Ashwin (INDIA),74,18,198,12,2.67,16.5,37,v Australia,Chennai,22 Feb 2013,1,1,0
M Muralitharan (SL),80.4,14,225,12,2.78,18.75,40.3,v South Africa,Colombo (PSS),4 Aug 2006,1,1,0
NM Lyon (AUS),70.1,9,286,12,4.07,23.83,35,v India,Adelaide,9 Dec 2014,1,1,0
M Muralitharan (SL),68.4,33,93,11,1.35,8.45,37.4,v England,Galle,2 Dec 2003,1,1,0
M Muralitharan (SL),42,7,110,11,2.61,10,22.9,v India,Colombo (SSC),23 Jul 2008,1,1,0
M Muralitharan (SL),85.1,21,170,11,1.99,15.45,46.4,v West Indies,Galle,13 Nov 2001,1,1,0
M Muralitharan (SL),81,26,196,11,2.41,17.81,44.1,v India,Colombo (SSC),29 Aug 2001,1,1,0
M Muralitharan (SL),77.3,14,212,11,2.73,19.27,42.2,v Australia,Galle,8 Mar 2004,1,1,0
Harbhajan Singh (INDIA),71.1,12,224,11,3.14,20.36,38.8,v Australia,Bengaluru,6 Oct 2004,1,1,0
S Shillingford (WI),36.5,8,93,10,2.52,9.3,22.1,v Zimbabwe,Roseau,20 Mar 2013,1,1,0
M Muralitharan (SL),44.4,12,98,10,2.19,9.8,26.8,v Bangladesh,Colombo (PSS),21 Jul 2002,1,1,0
MDK Perera (SL),38,9,99,10,2.6,9.9,22.8,v Australia,Galle,4 Aug 2016,1,1,0
MM Ali (ENG),35,11,112,10,3.2,11.2,21,v South Africa,Lord's,6 Jul 2017,1,1,0
SCG MacGill (AUS),44,12,133,10,3.02,13.3,26.4,v Bangladesh,Cairns,25 Jul 2003,1,1,0
M Muralitharan (SL),59.3,21,135,10,2.26,13.5,35.7,v West Indies,Kandy,21 Nov 2001,1,1,0
Harbhajan Singh (INDIA),53.2,10,141,10,2.64,14.1,32,v Sri Lanka,Ahmedabad,18 Dec 2005,1,1,0
A Kumble (INDIA),64,13,157,10,2.45,15.7,38.4,v Sri Lanka,Delhi,10 Dec 2005,1,1,0
PA Strang (ZIM),72.3,15,158,10,2.17,15.8,43.5,v New Zealand,Bulawayo,12 Sep 2000,1,1,0
A Kumble (INDIA),75.1,27,161,10,2.14,16.1,45.1,v Pakistan,Kolkata,16 Mar 2005,1,1,0
M Muralitharan (SL),82.2,17,172,10,2.08,17.2,49.4,v South Africa,Colombo (SSC),27 Jul 2006,1,1,0
Danish Kaneria (PAK),83,23,190,10,2.28,19,49.8,v Sri Lanka,Karachi,28 Oct 2004,1,1,0
BAW Mendis (SL),55.2,5,209,10,3.77,20.9,33.2,v India,Galle,31 Jul 2008,1,1,0
S Shillingford (WI),81.5,16,219,10,2.67,21.9,49.1,v Australia,Roseau,23 Apr 2012,1,1,0
R Ashwin (INDIA),66.2,12,225,10,3.39,22.5,39.8,v New Zealand,Kanpur,22 Sep 2016,1,1,0
A Kumble (INDIA),89,18,233,10,2.61,23.3,53.4,v England,Ahmedabad,11 Dec 2001,1,1,0
M Muralitharan (SL),24.4,5,60,9,2.43,6.66,16.4,v Bangladesh,Colombo (RPS),12 Sep 2005,1,1,0
M Muralitharan (SL),74.3,33,91,9,1.22,10.11,49.6,v Zimbabwe,Galle,12 Jan 2002,1,1,0
S Shillingford (WI),38,8,107,9,2.81,11.88,25.3,v Zimbabwe,Bridgetown,12 Mar 2013,1,1,0
GP Swann (ENG),52,10,122,9,2.34,13.55,34.6,v Australia,Lord's,18 Jul 2013,1,1,0
R Ashwin (INDIA),48.3,9,128,9,2.63,14.22,32.3,v West Indies,Delhi,6 Nov 2011,1,1,0
M Muralitharan (SL),71,26,140,9,1.97,15.55,47.3,v England,Kandy,1 Dec 2007,1,1,0
Harbhajan Singh (INDIA),51.3,9,141,9,2.73,15.66,34.3,v South Africa,Kolkata,28 Nov 2004,1,1,0
A Kumble (INDIA),70.5,27,145,9,2.04,16.11,47.2,v Zimbabwe,Nagpur,21 Feb 2002,1,1,0
A Kumble (INDIA),58.4,15,146,9,2.48,16.22,39.1,v England,Mohali,9 Mar 2006,1,1,0
S Randiv (SL),54.1,9,162,9,2.99,18,36.1,v India,Colombo (PSS),3 Aug 2010,1,1,0
Saqlain Mushtaq (PAK),84,22,178,9,2.11,19.77,56,v England,Lahore,15 Nov 2000,1,1,0
R Ashwin (INDIA),67.3,6,190,9,2.81,21.11,45,v West Indies,Mumbai,22 Nov 2011,1,1,0
GP Swann (ENG),69,11,208,9,3.01,23.11,46,v India,The Oval,18 Aug 2011,1,1,0
Sohag Gazi (BDESH),70.2,9,219,9,3.11,24.33,46.8,v West Indies,Dhaka,13 Nov 2012,1,1,0
M Muralitharan (SL),65.3,12,221,9,3.37,24.55,43.6,v Australia,Kandy,16 Mar 2004,1,1,0
M Muralitharan (SL),16.2,4,46,8,2.81,5.75,12.2,v West Indies,Kandy,22 Jul 2005,1,1,0
Harbhajan Singh (INDIA),49.3,20,85,8,1.71,10.62,37.1,v West Indies,Mumbai,9 Oct 2002,1,1,0
M Muralitharan (SL),62,25,88,8,1.41,11,46.5,v Zimbabwe,Colombo (SSC),27 Dec 2001,1,1,0
M Muralitharan (SL),51.2,18,90,8,1.75,11.25,38.5,v India,Galle,14 Aug 2001,1,1,0
R Ashwin (INDIA),38,10,90,8,2.36,11.25,28.5,v South Africa,Mohali,5 Nov 2015,1,1,0
SK Warne (AUS),39.5,6,112,8,2.81,14,29.8,v New Zealand,Brisbane,18 Nov 2004,1,1,0
R Ashwin (INDIA),59.5,17,119,8,1.98,14.87,44.8,v England,Visakhapatnam,17 Nov 2016,1,1,0
Harbhajan Singh (INDIA),72.3,25,123,8,1.69,15.37,54.3,v South Africa,Kolkata,14 Feb 2010,1,1,0
M Muralitharan (SL),96,46,124,8,1.29,15.5,72,v England,Kandy,10 Dec 2003,1,1,0
R Ashwin (INDIA),61.4,17,125,8,2.02,15.62,46.2,v Australia,Bengaluru,4 Mar 2017,1,1,0
MDK Perera (SL),85.5,35,129,8,1.5,16.12,64.3,v South Africa,Colombo (SSC),24 Jul 2014,1,1,0
MM Ali (ENG),38.4,4,129,8,3.33,16.12,29,v India,Southampton,27 Jul 2014,1,1,0
R Ashwin (INDIA),45.4,11,130,8,2.84,16.25,34.2,v Sri Lanka,Nagpur,24 Nov 2017,1,1,0
Harbhajan Singh (INDIA),58.5,10,132,8,2.24,16.5,44.1,v Zimbabwe,Delhi,28 Feb 2002,1,1,0
BAW Mendis (SL),45.5,8,132,8,2.88,16.5,34.3,v India,Colombo (SSC),23 Jul 2008,1,1,0
A Kumble (INDIA),47.4,12,133,8,2.79,16.62,35.7,v England,Mohali,3 Dec 2001,1,1,0
BAW Mendis (SL),62,11,137,8,2.2,17.12,46.5,v India,Colombo (PSS),8 Aug 2008,1,1,0
M Muralitharan (SL),84.5,28,138,8,1.62,17.25,63.6,v South Africa,Colombo (SSC),6 Aug 2000,1,1,0
M Muralitharan (SL),73,28,139,8,1.9,17.37,54.7,v New Zealand,Kandy,3 May 2003,1,1,0
Sohag Gazi (BDESH),58,10,156,8,2.68,19.5,43.5,v New Zealand,Chittagong,9 Oct 2013,1,1,0
GP Swann (ENG),54.2,11,158,8,2.9,19.75,40.7,v Australia,The Oval,20 Aug 2009,1,1,0
M Muralitharan (SL),64,15,168,8,2.62,21,48,v Pakistan,Colombo (SSC),14 Jun 2000,1,1,0
SK Warne (AUS),68.4,16,170,8,2.47,21.25,51.5,v South Africa,Adelaide,14 Dec 2001,1,1,0
SCG MacGill (AUS),47,7,170,8,3.61,21.25,35.2,v Pakistan,Sydney,2 Jan 2005,1,1,0
AG Cremer (ZIM),57.5,8,178,8,3.07,22.25,43.3,v West Indies,Bulawayo,21 Oct 2017,1,1,0
PHT Kaushal (SL),50.3,3,181,8,3.58,22.62,37.8,v India,Galle,12 Aug 2015,1,1,0
M Muralitharan (SL),61.4,8,191,8,3.09,23.87,46.2,v India,Galle,18 Jul 2010,1,1,0
M Muralitharan (SL),66.1,11,216,8,3.26,27,49.6,v Australia,Colombo (SSC),24 Mar 2004,1,1,0
SP Narine (WI),85,22,223,8,2.62,27.87,63.7,v New Zealand,North Sound,25 Jul 2012,1,1,0
MDK Perera (SL),72.4,9,241,8,3.31,30.12,54.5,v South Africa,Galle,16 Jul 2014,1,1,0
Harbhajan Singh (INDIA),78.5,5,265,8,3.36,33.12,59.1,v South Africa,Chennai,26 Mar 2008,1,1,0
SK Warne (AUS),36.2,7,85,7,2.33,12.14,31.1,v England,Melbourne,26 Dec 2006,1,1,0
SCG MacGill (AUS),26.1,5,86,7,3.28,12.28,22.4,v Bangladesh,Darwin,18 Jul 2003,1,1,0
R Ashwin (INDIA),62.4,31,87,7,1.38,12.42,53.7,v South Africa,Delhi,3 Dec 2015,1,1,0
NM Lyon (AUS),33.3,3,88,7,2.62,12.57,28.7,v New Zealand,Brisbane,1 Dec 2011,1,1,0
M Muralitharan (SL),50,16,92,7,1.84,13.14,42.8,v West Indies,Colombo (SSC),13 Jul 2005,1,1,0
RR Sarwan (WI),43,16,96,7,2.23,13.71,36.8,v Bangladesh,Gros Islet,28 May 2004,1,1,0
Harbhajan Singh (INDIA),54,16,96,7,1.77,13.71,46.2,v South Africa,Kanpur,11 Apr 2008,1,1,0
A Kumble (INDIA),49.5,13,101,7,2.02,14.42,42.7,v West Indies,Mumbai,9 Oct 2002,1,1,0
M Muralitharan (SL),67,30,103,7,1.53,14.71,57.4,v England,Colombo (SSC),18 Dec 2003,1,1,0
A Kumble (INDIA),48.3,14,106,7,2.18,15.14,41.5,v Pakistan,Delhi,22 Nov 2007,1,1,0
A Mishra (INDIA),38.2,10,106,7,2.76,15.14,32.8,v Australia,Mohali,17 Oct 2008,1,1,0
Harbhajan Singh (INDIA),43.3,13,110,7,2.52,15.71,37.2,v England,Mohali,3 Dec 2001,1,1,0
Danish Kaneria (PAK),49.3,10,111,7,2.24,15.85,42.4,v South Africa,Lahore,17 Oct 2003,1,1,0
R Ashwin (INDIA),49.3,20,112,7,2.26,16,42.4,v Australia,Delhi,22 Mar 2013,1,1,0
GP Swann (ENG),46,13,118,7,2.56,16.85,39.4,v Pakistan,The Oval,18 Aug 2010,1,1,0
MM Ali (ENG),40.5,6,126,7,3.08,18,35,v South Africa,Manchester,4 Aug 2017,1,1,0
SK Warne (AUS),59,17,129,7,2.18,18.42,50.5,v England,Adelaide,21 Nov 2002,1,1,0
R Ashwin (INDIA),32,6,134,7,4.18,19.14,27.4,v West Indies,Mumbai,14 Nov 2013,1,1,0
Harbhajan Singh (INDIA),59,19,135,7,2.28,19.28,50.5,v West Indies,Chennai,17 Oct 2002,1,1,0
Mehidy Hasan Miraz (BDESH),59.5,8,138,7,2.3,19.71,51.2,v England,Chittagong,20 Oct 2016,1,1,0
D Bishoo (WI),35.5,4,140,7,3.9,20,30.7,v India,Kingston,20 Jun 2011,1,1,0
M Muralitharan (SL),97,28,145,7,1.49,20.71,83.1,v England,Galle,22 Feb 2001,1,1,0
A Kumble (INDIA),63.3,21,146,7,2.29,20.85,54.4,v Zimbabwe,Delhi,28 Feb 2002,1,1,0
NM Lyon (AUS),52,15,151,7,2.9,21.57,44.5,v West Indies,Melbourne,26 Dec 2015,1,1,0
Jubair Hossain (BDESH),39,4,152,7,3.89,21.71,33.4,v Zimbabwe,Chittagong,12 Nov 2014,1,1,0
SR Harmer (SA),50,12,153,7,3.06,21.85,42.8,v West Indies,Cape Town,2 Jan 2015,1,1,0
SK Warne (AUS),52.2,11,157,7,3,22.42,44.8,v West Indies,Adelaide,25 Nov 2005,1,1,0
Harbhajan Singh (INDIA),55.2,9,158,7,2.85,22.57,47.4,v Australia,Nagpur,6 Nov 2008,1,1,0
M Muralitharan (SL),69,14,161,7,2.33,23,59.1,v New Zealand,Galle,18 Aug 2009,1,1,0
SCG MacGill (AUS),65.2,19,174,7,2.66,24.85,56,v South Africa,Sydney,2 Jan 2002,1,1,0
A Kumble (INDIA),59.3,12,176,7,2.95,25.14,51,v Sri Lanka,Ahmedabad,18 Dec 2005,1,1,0
R Ashwin (INDIA),62.5,13,182,7,2.89,26,53.8,v Australia,Pune,23 Feb 2017,1,1,0
SCG MacGill (AUS),67,18,192,7,2.86,27.42,57.4,v West Indies,Sydney,2 Jan 2001,1,1,0
SK Warne (AUS),75,21,199,7,2.65,28.42,64.2,v Sri Lanka,Cairns,9 Jul 2004,1,1,0
MDK Perera (SL),59.5,7,205,7,3.42,29.28,51.2,v Pakistan,Galle,6 Aug 2014,1,1,0
AG Cremer (ZIM),61.4,3,227,7,3.68,32.42,52.8,v Sri Lanka,Harare,6 Nov 2016,1,1,0
SCG MacGill (AUS),84,20,260,7,3.09,37.14,72,v England,Melbourne,26 Dec 2002,1,1,0
GP Swann (ENG),37,20,65,6,1.75,10.83,37,v Pakistan,Birmingham,6 Aug 2010,1,1,0
TT Samaraweera (SL),23.4,4,67,6,2.83,11.16,23.6,v Bangladesh,Colombo (SSC),28 Jul 2002,1,1,0
SK Warne (AUS),31,7,71,6,2.29,11.83,31,v ICC World XI,Sydney,14 Oct 2005,1,1,0
N Deonarine (WI),34,10,80,6,2.35,13.33,34,v New Zealand,Kingston,2 Aug 2012,1,1,0
D Bishoo (WI),33,10,80,6,2.42,13.33,33,v Australia,Roseau,3 Jun 2015,1,1,0
GP Swann (ENG),32,12,90,6,2.81,15,32,v New Zealand,Leeds,24 May 2013,1,1,0
Danish Kaneria (PAK),42.1,10,99,6,2.34,16.5,42.1,v England,Lahore,29 Nov 2005,1,1,0
R Ashwin (INDIA),43,18,104,6,2.41,17.33,43,v Australia,Hyderabad (Deccan),2 Mar 2013,1,1,0
NM Lyon (AUS),49.1,11,105,6,2.13,17.5,49.1,v England,Adelaide,2 Dec 2017,1,1,0
A Kumble (INDIA),49.3,13,117,6,2.36,19.5,49.5,v West Indies,Chennai,17 Oct 2002,1,1,0
NM Lyon (AUS),39.2,6,117,6,2.97,19.5,39.3,v England,Melbourne,26 Dec 2013,1,1,0
A Kumble (INDIA),50,13,118,6,2.36,19.66,50,v South Africa,Mumbai,24 Feb 2000,1,1,0
NM Hauritz (AUS),50.4,15,126,6,2.48,21,50.6,v Pakistan,Hobart,14 Jan 2010,1,1,0
OAC Banks (WI),44,7,127,6,2.88,21.16,44,v Bangladesh,Kingston,4 Jun 2004,1,1,0
NM Hauritz (AUS),28,4,130,6,4.64,21.66,28,v Pakistan,Sydney,3 Jan 2010,1,1,0
Danish Kaneria (PAK),61,18,131,6,2.14,21.83,61,v West Indies,Karachi,27 Nov 2006,1,1,0
Naimur Rahman (BDESH),44.3,9,132,6,2.96,22,44.5,v India,Dhaka,10 Nov 2000,1,1,0
M Muralitharan (SL),59.4,17,135,6,2.26,22.5,59.6,v Pakistan,Colombo (SSC),26 Mar 2006,1,1,0
SK Warne (AUS),49,14,136,6,2.77,22.66,49,v South Africa,Melbourne,26 Dec 2005,1,1,0
A Kumble (INDIA),68.4,15,143,6,2.08,23.83,68.6,v South Africa,Bengaluru,2 Mar 2000,1,1,0
Danish Kaneria (PAK),59,18,143,6,2.42,23.83,59,v Bangladesh,Karachi,20 Aug 2003,1,1,0
Harbhajan Singh (INDIA),65.5,15,149,6,2.26,24.83,65.8,v England,Ahmedabad,11 Dec 2001,1,1,0
JS Patel (NZ),71,28,151,6,2.12,25.16,71,v West Indies,Napier,19 Dec 2008,1,1,0
R Ashwin (INDIA),46,6,151,6,3.28,25.16,46,v New Zealand,Bengaluru,31 Aug 2012,1,1,0
Harbhajan Singh (INDIA),51.5,9,152,6,2.93,25.33,51.8,v Pakistan,Bengaluru,24 Mar 2005,1,1,0
A Kumble (INDIA),74.1,23,153,6,2.06,25.5,74.1,v New Zealand,Ahmedabad,8 Oct 2003,1,1,0
M Muralitharan (SL),54,4,156,6,2.88,26,54,v New Zealand,Colombo (SSC),26 Aug 2009,1,1,0
NM Hauritz (AUS),44,7,159,6,3.61,26.5,44,v Pakistan,Melbourne,26 Dec 2009,1,1,0
D Ramnarine (WI),65,16,164,6,2.52,27.33,65,v South Africa,Bridgetown,29 Mar 2001,1,1,0
SK Warne (AUS),53.3,9,169,6,3.15,28.16,53.5,v Pakistan,Melbourne,26 Dec 2004,1,1,0
BAW Mendis (SL),59,6,169,6,2.86,28.16,59,v West Indies,Galle,15 Nov 2010,1,1,0
R Ashwin (INDIA),59.2,17,171,6,2.88,28.5,59.3,v Bangladesh,Hyderabad (Deccan),9 Feb 2017,1,1,0
M Muralitharan (SL),74.2,14,174,6,2.34,29,74.3,v England,Colombo (SSC),9 Dec 2007,1,1,0
SK Warne (AUS),76,25,175,6,2.3,29.16,76,v South Africa,Perth,16 Dec 2005,1,1,0
A Kumble (INDIA),58,14,176,6,3.03,29.33,58,v Pakistan,Bengaluru,8 Dec 2007,1,1,0
SK Warne (AUS),61.5,13,179,6,2.89,29.83,61.8,v South Africa,Sydney,2 Jan 2002,1,1,0
A Kumble (INDIA),75,21,183,6,2.44,30.5,75,v South Africa,Kanpur,20 Nov 2004,1,1,0
Harbhajan Singh (INDIA),66.4,8,192,6,2.88,32,66.6,v Sri Lanka,Mumbai (BS),2 Dec 2009,1,1,0
Sarandeep Singh (INDIA),71,17,206,6,2.9,34.33,71,v Zimbabwe,Nagpur,25 Nov 2000,1,1,0
Harbhajan Singh (INDIA),64,5,211,6,3.29,35.16,64,v Australia,Bengaluru,9 Oct 2010,1,1,0
DL Piedt (SA),52,6,216,6,4.15,36,52,v England,Durban,26 Dec 2015,1,1,0
GP Swann (ENG),58,2,233,6,4.01,38.83,58,v Australia,Manchester,1 Aug 2013,1,1,0
A Kumble (INDIA),76,22,236,6,3.1,39.33,76,v Pakistan,Mohali,8 Mar 2005,1,1,0
SCG MacGill (AUS),15,4,43,5,2.86,8.6,18,v ICC World XI,Sydney,14 Oct 2005,1,1,0
SK Warne (AUS),28,9,48,5,1.71,9.6,33.6,v West Indies,Brisbane,3 Nov 2005,1,1,0
GP Swann (ENG),13.5,1,62,5,4.48,12.4,16.6,v Pakistan,Lord's,26 Aug 2010,1,1,0
M Muralitharan (SL),28.4,8,75,5,2.61,15,34.4,v Bangladesh,Colombo (PSS),20 Sep 2005,1,1,0
GP Swann (ENG),22.1,4,76,5,3.42,15.2,26.6,v Bangladesh,Manchester,4 Jun 2010,1,1,0
Harbhajan Singh (INDIA),31.5,6,82,5,2.57,16.4,38.2,v Australia,Mumbai,3 Nov 2004,1,1,0
M Muralitharan (SL),29.4,7,85,5,2.86,17,35.6,v Pakistan,Kandy,3 Apr 2006,1,1,0
A Mishra (INDIA),34.4,7,85,5,2.45,17,41.6,v Australia,Nagpur,6 Nov 2008,1,1,0
SCG MacGill (AUS),37,7,87,5,2.35,17.4,44.4,v West Indies,Hobart,17 Nov 2005,1,1,0
A Kumble (INDIA),19,0,90,5,4.73,18,22.8,v Australia,Mumbai,3 Nov 2004,1,1,0
CH Gayle (WI),18.3,3,91,5,4.91,18.2,22.2,v Pakistan,Bridgetown,26 May 2005,1,1,0
Harbhajan Singh (INDIA),49,12,96,5,1.95,19.2,58.8,v Australia,Mohali,17 Oct 2008,1,1,0
M Muralitharan (SL),35.3,6,98,5,2.76,19.6,42.6,v Bangladesh,Colombo (SSC),6 Sep 2001,1,1,0
R Ashwin (INDIA),40,11,98,5,2.45,19.6,48,v West Indies,Kolkata,6 Nov 2013,1,1,0
Sikandar Raza (ZIM),48,12,99,5,2.06,19.8,57.6,v West Indies,Bulawayo,29 Oct 2017,1,1,0
V Sehwag (INDIA),40,9,104,5,2.6,20.8,48,v Australia,Delhi,29 Oct 2008,1,1,0
MD Craig (NZ),35.1,11,108,5,3.07,21.6,42.2,v Sri Lanka,Wellington,3 Jan 2015,1,1,0
Danish Kaneria (PAK),32,3,110,5,3.43,22,38.4,v New Zealand,Lahore,1 May 2002,1,1,0
NM Lyon (AUS),42.4,9,111,5,2.6,22.2,51.2,v India,Adelaide,24 Jan 2012,1,1,0
Harbhajan Singh (INDIA),57.3,15,115,5,2,23,69,v West Indies,Kolkata,30 Oct 2002,1,1,0
PHT Kaushal (SL),35.5,3,118,5,3.29,23.6,43,v Pakistan,Colombo (PSS),25 Jun 2015,1,1,0
MDK Perera (SL),34,4,119,5,3.5,23.8,40.8,v Bangladesh,Galle,7 Mar 2017,1,1,0
RL Chase (WI),36.1,4,121,5,3.34,24.2,43.4,v India,Kingston,30 Jul 2016,1,1,0
Harbhajan Singh (INDIA),49.4,13,129,5,2.59,25.8,59.6,v England,Mumbai,18 Mar 2006,1,1,0
MM Ali (ENG),31.3,5,130,5,4.12,26,37.8,v Australia,Cardiff,8 Jul 2015,1,1,0
A Kumble (INDIA),69.4,20,133,5,1.9,26.6,83.6,v England,Mumbai,18 Mar 2006,1,1,0
SCG MacGill (AUS),41.5,8,138,5,3.29,27.6,50.2,v India,Melbourne,26 Dec 2003,1,1,0
NM Lyon (AUS),35.4,3,138,5,3.86,27.6,42.8,v India,Brisbane,17 Dec 2014,1,1,0
NM Lyon (AUS),94,38,140,5,1.48,28,112.8,v South Africa,Adelaide,22 Nov 2012,1,1,0
Mehidy Hasan Miraz (BDESH),45,9,142,5,3.15,28.4,54,v Australia,Dhaka,27 Aug 2017,1,1,0
NM Lyon (AUS),60,16,145,5,2.41,29,72,v England,Brisbane,23 Nov 2017,1,1,0
Harbhajan Singh (INDIA),43,7,152,5,3.53,30.4,51.6,v Sri Lanka,Kanpur,24 Nov 2009,1,1,0
Harbhajan Singh (INDIA),72,19,154,5,2.13,30.8,86.4,v Australia,Mohali,1 Oct 2010,1,1,0
M Muralitharan (SL),60.5,7,157,5,2.58,31.4,73,v India,Colombo (PSS),8 Aug 2008,1,1,0
J Nyumbu (ZIM),49.3,7,157,5,3.17,31.4,59.4,v South Africa,Harare,9 Aug 2014,1,1,0
PJ Wiseman (NZ),47.5,9,159,5,3.32,31.8,57.4,v Australia,Auckland,11 Mar 2000,1,1,0
Imran Tahir (SA),53,8,160,5,3.01,32,63.6,v Sri Lanka,Cape Town,3 Jan 2012,1,1,0
Saqlain Mushtaq (PAK),69.4,18,165,5,2.36,33,83.6,v England,Karachi,7 Dec 2000,1,1,0
M Muralitharan (SL),66.4,14,167,5,2.5,33.4,80,v South Africa,Galle,4 Aug 2004,1,1,0
Danish Kaneria (PAK),47,4,168,5,3.57,33.6,56.4,v England,Multan,12 Nov 2005,1,1,0
Danish Kaneria (PAK),56.2,7,170,5,3.01,34,67.6,v Sri Lanka,Faisalabad,20 Oct 2004,1,1,0
M Muralitharan (SL),66.5,11,171,5,2.55,34.2,80.2,v South Africa,Kandy,30 Jul 2000,1,1,0
M Muralitharan (SL),90,28,177,5,1.96,35.4,108,v England,Kandy,7 Mar 2001,1,1,0
M Muralitharan (SL),88.5,31,181,5,2.03,36.2,106.6,v New Zealand,Colombo (PSS),25 Apr 2003,1,1,0
Danish Kaneria (PAK),46,7,181,5,3.93,36.2,55.2,v West Indies,Multan,19 Nov 2006,1,1,0
S Shillingford (WI),59.3,7,184,5,3.09,36.8,71.4,v New Zealand,Kingston,8 Jun 2014,1,1,0
Harbhajan Singh (INDIA),76.5,14,189,5,2.45,37.8,92.2,v Pakistan,Kolkata,30 Nov 2007,1,1,0
P Utseya (ZIM),60.3,6,192,5,3.17,38.4,72.6,v Pakistan,Harare,3 Sep 2013,1,1,0
Harbhajan Singh (INDIA),73.3,13,193,5,2.62,38.6,88.2,v New Zealand,Hyderabad (Deccan),12 Nov 2010,1,1,0
SK Warne (AUS),50,6,195,5,3.9,39,60,v Pakistan,Sydney,2 Jan 2005,1,1,0
A Kumble (INDIA),72,18,195,5,2.7,39,86.4,v Pakistan,Kolkata,30 Nov 2007,1,1,0
Harbhajan Singh (INDIA),75.5,14,198,5,2.61,39.6,91,v Australia,Chennai,14 Oct 2004,1,1,0
M Muralitharan (SL),58,4,200,5,3.44,40,69.6,v India,Galle,31 Jul 2008,1,1,0
Danish Kaneria (PAK),64,6,209,5,3.26,41.8,76.8,v South Africa,Karachi,1 Oct 2007,1,1,0
Danish Kaneria (PAK),87.4,16,213,5,2.42,42.6,105.2,v South Africa,Lahore,8 Oct 2007,1,1,0
NM Lyon (AUS),60,9,215,5,3.58,43,72,v Pakistan,Sydney,3 Jan 2017,1,1,0
SK Warne (AUS),85,21,216,5,2.54,43.2,102,v England,Adelaide,1 Dec 2006,1,1,0
A Kumble (INDIA),62,8,221,5,3.56,44.2,74.4,v Australia,Bengaluru,6 Oct 2004,1,1,0
SCG MacGill (AUS),85,16,226,5,2.65,45.2,102,v England,Sydney,2 Jan 2003,1,1,0
D Bishoo (WI),70.5,16,229,5,3.23,45.8,85,v Pakistan,Basseterre,20 May 2011,1,1,0
S Shillingford (WI),82,9,273,5,3.32,54.6,98.4,v South Africa,Basseterre,18 Jun 2010,1,1,0
MM Ali (ENG),13,3,39,4,3,9.75,19.5,v India,Manchester,7 Aug 2014,1,1,0
KS Williamson (NZ),20,8,44,4,2.2,11,30,v England,Auckland,22 Mar 2013,1,1,0
MM Ali (ENG),16.1,5,45,4,2.78,11.25,24.2,v South Africa,The Oval,27 Jul 2017,1,1,0
MDK Perera (SL),31.2,7,65,4,2.07,16.25,47,v West Indies,Colombo (PSS),22 Oct 2015,1,1,0
CH Gayle (WI),48.5,21,66,4,1.35,16.5,73.2,v South Africa,Port of Spain,8 Apr 2005,1,1,0
J Yadav (INDIA),23.3,7,68,4,2.89,17,35.2,v England,Visakhapatnam,17 Nov 2016,1,1,0
R Ashwin (INDIA),18,2,70,4,3.88,17.5,27,v South Africa,Bengaluru,14 Nov 2015,1,1,0
J Yadav (INDIA),27,7,70,4,2.59,17.5,40.5,v England,Mohali,26 Nov 2016,1,1,0
S Randiv (SL),26,2,74,4,2.84,18.5,39,v England,Galle,26 Mar 2012,1,1,0
MM Ali (ENG),16,2,78,4,4.87,19.5,24,v South Africa,Nottingham,14 Jul 2017,1,1,0
D Ramnarine (WI),42,10,81,4,1.92,20.25,63,v South Africa,Kingston,19 Apr 2001,1,1,0
R Ashwin (INDIA),36.5,9,83,4,2.25,20.75,55.2,v Australia,Dharamsala,25 Mar 2017,1,1,0
SCG MacGill (AUS),32,8,84,4,2.62,21,48,v West Indies,Perth,1 Dec 2000,1,1,0
SP Narine (WI),38,8,85,4,2.23,21.25,57,v New Zealand,Kingston,2 Aug 2012,1,1,0
SCG MacGill (AUS),26.1,4,86,4,3.28,21.5,39.2,v India,Brisbane,4 Dec 2003,1,1,0
M Muralitharan (SL),36.1,12,87,4,2.4,21.75,54.2,v Bangladesh,Colombo (SSC),25 Jun 2007,1,1,0
GP Swann (ENG),28,3,87,4,3.1,21.75,42,v Australia,Lord's,16 Jul 2009,1,1,0
Saqlain Mushtaq (PAK),49.4,12,88,4,1.77,22,74.5,v England,Faisalabad,29 Nov 2000,1,1,0
N Deonarine (WI),30,6,89,4,2.96,22.25,45,v Australia,Bridgetown,7 Apr 2012,1,1,0
Harbhajan Singh (INDIA),31.5,5,93,4,2.92,23.25,47.7,v England,Mohali,19 Dec 2008,1,1,0
Shoaib Malik (PAK),31,4,94,4,3.03,23.5,46.5,v South Africa,Lahore,17 Oct 2003,1,1,0
Shahid Afridi (PAK),30.3,3,95,4,3.11,23.75,45.7,v England,Faisalabad,20 Nov 2005,1,1,0
NM Hauritz (AUS),40,13,95,4,2.37,23.75,60,v New Zealand,Adelaide,28 Nov 2008,1,1,0
GP Swann (ENG),36,11,101,4,2.8,25.25,54,v Australia,Chester-le-Street,9 Aug 2013,1,1,0
RL Chase (WI),32,5,103,4,3.21,25.75,48,v Pakistan,Roseau,10 May 2017,1,1,0
Harbhajan Singh (INDIA),57.4,17,104,4,1.8,26,86.5,v Zimbabwe,Nagpur,21 Feb 2002,1,1,0
HDPK Dharmasena (SL),36,5,105,4,2.91,26.25,54,v South Africa,Kandy,30 Jul 2000,1,1,0
NM Lyon (AUS),36,5,105,4,2.91,26.25,54,v South Africa,Adelaide,24 Nov 2016,1,1,0
NM Lyon (AUS),38,11,109,4,2.86,27.25,57,v England,Perth,13 Dec 2013,1,1,0
NM Lyon (AUS),38,6,109,4,2.86,27.25,57,v New Zealand,Brisbane,5 Nov 2015,1,1,0
CL Hooper (WI),59,13,110,4,1.86,27.5,88.5,v New Zealand,St George's,28 Jun 2002,1,1,0
SK Warne (AUS),39.2,6,115,4,2.92,28.75,59,v England,Perth,14 Dec 2006,1,1,0
Harbhajan Singh (INDIA),36,6,115,4,3.19,28.75,54,v New Zealand,Nagpur,20 Nov 2010,1,1,0
D Bishoo (WI),37.3,5,115,4,3.06,28.75,56.2,v Pakistan,Roseau,10 May 2017,1,1,0
SK Warne (AUS),37.1,7,116,4,3.12,29,55.7,v England,Brisbane,7 Nov 2002,1,1,0
Imran Tahir (SA),29.3,2,118,4,4,29.5,44.2,v Australia,Johannesburg,17 Nov 2011,1,1,0
Harbhajan Singh (INDIA),28,3,121,4,4.32,30.25,42,v Australia,Mumbai,27 Feb 2001,1,1,0
D Ramnarine (WI),53,14,121,4,2.28,30.25,79.5,v South Africa,Port of Spain,17 Mar 2001,1,1,0
MDK Perera (SL),31.1,3,122,4,3.91,30.5,46.7,v Pakistan,Galle,17 Jun 2015,1,1,0
SK Warne (AUS),34,7,124,4,3.64,31,51,v England,Brisbane,23 Nov 2006,1,1,0
D Bishoo (WI),46,11,124,4,2.69,31,69,v Pakistan,Providence,12 May 2011,1,1,0
R Ashwin (INDIA),44.2,5,124,4,2.79,31,66.5,v England,Mohali,26 Nov 2016,1,1,0
NM Hauritz (AUS),40,8,127,4,3.17,31.75,60,v West Indies,Perth,16 Dec 2009,1,1,0
PP Chawla (INDIA),47.5,7,133,4,2.78,33.25,71.7,v England,Nagpur,13 Dec 2012,1,1,0
UDU Chandana (SL),43,9,134,4,3.11,33.5,64.5,v South Africa,Galle,20 Jul 2000,1,1,0
Harbhajan Singh (INDIA),40,5,135,4,3.37,33.75,60,v South Africa,Ahmedabad,3 Apr 2008,1,1,0
Harbhajan Singh (INDIA),40.5,5,137,4,3.35,34.25,61.2,v Sri Lanka,Delhi,10 Dec 2005,1,1,0
M Muralitharan (SL),50,13,138,4,2.76,34.5,75,v Pakistan,Galle,21 Jun 2000,1,1,0
NM Hauritz (AUS),53,13,139,4,2.62,34.75,79.5,v South Africa,Melbourne,26 Dec 2008,1,1,0
JS Patel (NZ),48.5,7,141,4,2.88,35.25,73.2,v England,Napier,22 Mar 2008,1,1,0
Harbhajan Singh (INDIA),60.3,22,145,4,2.39,36.25,90.7,v Pakistan,Kolkata,16 Mar 2005,1,1,0
JS Patel (NZ),54,16,146,4,2.7,36.5,81,v England,Hamilton,5 Mar 2008,1,1,0
S Shillingford (WI),72.5,21,147,4,2.01,36.75,109.2,v Australia,Port of Spain,15 Apr 2012,1,1,0
A Mishra (INDIA),61,15,148,4,2.42,37,91.5,v South Africa,Kolkata,14 Feb 2010,1,1,0
NM Lyon (AUS),37,5,148,4,4,37,55.5,v Pakistan,Melbourne,26 Dec 2016,1,1,0
JP Duminy (SA),36,3,149,4,4.13,37.25,54,v Australia,Cape Town,1 Mar 2014,1,1,0
Arshad Khan (PAK),65,21,151,4,2.32,37.75,97.5,v Sri Lanka,Peshawar,5 Mar 2000,1,1,0
D Ramnarine (WI),68.3,23,151,4,2.2,37.75,102.7,v South Africa,Georgetown,9 Mar 2001,1,1,0
Harbhajan Singh (INDIA),74,17,151,4,2.04,37.75,111,v New Zealand,Ahmedabad,8 Oct 2003,1,1,0
GP Swann (ENG),71.2,20,157,4,2.2,39.25,107,v South Africa,Lord's,16 Aug 2012,1,1,0
JS Patel (NZ),69,27,157,4,2.27,39.25,103.5,v South Africa,Dunedin,8 Mar 2017,1,1,0
M Muralitharan (SL),45.1,7,158,4,3.49,39.5,67.7,v India,Kandy,22 Aug 2001,1,1,0
A Kumble (INDIA),64.4,13,158,4,2.44,39.5,97,v South Africa,Kolkata,28 Nov 2004,1,1,0
SK Warne (AUS),50,6,160,4,3.2,40,75,v West Indies,Hobart,17 Nov 2005,1,1,0
S Shillingford (WI),56,6,162,4,2.89,40.5,84,v South Africa,Port of Spain,10 Jun 2010,1,1,0
A Mishra (INDIA),51,7,165,4,3.23,41.25,76.5,v England,Chennai,11 Dec 2008,1,1,0
GP Swann (ENG),63,14,165,4,2.61,41.25,94.5,v Australia,Nottingham,10 Jul 2013,1,1,0
Harbhajan Singh (INDIA),60.4,14,166,4,2.73,41.5,91,v South Africa,Kanpur,20 Nov 2004,1,1,0
Danish Kaneria (PAK),70.1,16,168,4,2.39,42,105.2,v South Africa,Faisalabad,24 Oct 2003,1,1,0
R Ashwin (INDIA),74.5,18,169,4,2.25,42.25,112.2,v Australia,Mohali,14 Mar 2013,1,1,0
BAW Mendis (SL),63,10,172,4,2.73,43,94.5,v India,Colombo (SSC),26 Jul 2010,1,1,0
NM Lyon (AUS),50,9,177,4,3.54,44.25,75,v South Africa,Brisbane,9 Nov 2012,1,1,0
D Bishoo (WI),51,10,177,4,3.47,44.25,76.5,v England,St George's,21 Apr 2015,1,1,0
JS Patel (NZ),64,12,180,4,2.81,45,96,v India,Napier,26 Mar 2009,1,1,0
MDK Perera (SL),54,2,181,4,3.35,45.25,81,v Zimbabwe,Colombo (RPS),14 Jul 2017,1,1,0
R Ashwin (INDIA),54,7,186,4,3.44,46.5,81,v West Indies,Kolkata,14 Nov 2011,1,1,0
Harbhajan Singh (INDIA),68,5,187,4,2.75,46.75,102,v England,Chennai,11 Dec 2008,1,1,0
PHT Kaushal (SL),45,2,190,4,4.22,47.5,67.5,v Pakistan,Pallekele,3 Jul 2015,1,1,0
R Ashwin (INDIA),70,18,191,4,2.72,47.75,105,v England,Ahmedabad,15 Nov 2012,1,1,0
MDK Perera (SL),66,7,200,4,3.03,50,99,v Australia,Colombo (SSC),13 Aug 2016,1,1,0
MM Ali (ENG),46,4,202,4,4.39,50.5,69,v India,Nottingham,9 Jul 2014,1,1,0
AG Cremer (ZIM),56,6,209,4,3.73,52.25,84,v Sri Lanka,Harare,29 Oct 2016,1,1,0
R Ashwin (INDIA),70,11,216,4,3.08,54,105,v Sri Lanka,Delhi,2 Dec 2017,1,1,0
IS Sodhi (NZ),64.1,9,218,4,3.39,54.5,96.2,v West Indies,Dunedin,3 Dec 2013,1,1,0
PHT Kaushal (SL),61,3,229,4,3.75,57.25,91.5,v India,Colombo (PSS),20 Aug 2015,1,1,0
NM Lyon (AUS),76.5,16,233,4,3.03,58.25,115.2,v India,Sydney,6 Jan 2015,1,1,0
SCG MacGill (AUS),68.4,11,244,4,3.55,61,103,v India,Adelaide,12 Dec 2003,1,1,0
CH Gayle (WI),15,2,25,3,1.66,8.33,30,v Zimbabwe,Port of Spain,16 Mar 2000,1,1,0
SR Tendulkar (INDIA),11,3,31,3,2.81,10.33,22,v Australia,Kolkata,11 Mar 2001,1,1,0
MJ Guptill (NZ),13.2,2,37,3,2.77,12.33,26.6,v Pakistan,Napier,11 Dec 2009,1,1,0
SK Warne (AUS),21,9,38,3,1.8,12.66,42,v Pakistan,Perth,16 Dec 2004,1,1,0
GP Swann (ENG),17,4,39,3,2.29,13,34,v West Indies,Lord's,6 May 2009,1,1,0
A Kumble (INDIA),15,3,41,3,2.73,13.66,30,v Sri Lanka,Chennai,2 Dec 2005,1,1,0
NM Lyon (AUS),19,6,43,3,2.26,14.33,38,v West Indies,Hobart,10 Dec 2015,1,1,0
N Deonarine (WI),14,1,45,3,3.21,15,28,v Australia,Roseau,23 Apr 2012,1,1,0
A Mishra (INDIA),20,2,51,3,2.55,17,40,v South Africa,Nagpur,25 Nov 2015,1,1,0
Jubair Hossain (BDESH),14,1,53,3,3.78,17.66,28,v South Africa,Chittagong,21 Jul 2015,1,1,0
Sarandeep Singh (INDIA),21,5,54,3,2.57,18,42,v England,Bengaluru,19 Dec 2001,1,1,0
TM Dilshan (SL),27,6,56,3,2.07,18.66,54,v India,Colombo (SSC),26 Jul 2010,1,1,0
Shoaib Malik (PAK),14,1,58,3,4.14,19.33,28,v England,Lahore,29 Nov 2005,1,1,0
Arshad Khan (PAK),38,16,60,3,1.57,20,76,v England,Faisalabad,29 Nov 2000,1,1,0
KC Brathwaite (WI),14.5,1,65,3,4.38,21.66,29.6,v India,North Sound,21 Jul 2016,1,1,0
MM Ali (ENG),25,5,66,3,2.64,22,50,v India,Lord's,17 Jul 2014,1,1,0
GP Swann (ENG),24.4,2,78,3,3.16,26,49.3,v Sri Lanka,Cardiff,26 May 2011,1,1,0
NM Lyon (AUS),25,2,78,3,3.12,26,50,v New Zealand,Adelaide,27 Nov 2015,1,1,0
R Ashwin (INDIA),31,6,82,3,2.64,27.33,62,v New Zealand,Kolkata,30 Sep 2016,1,1,0
CH Gayle (WI),27,3,85,3,3.14,28.33,54,v South Africa,Bridgetown,21 Apr 2005,1,1,0
S Randiv (SL),30,4,86,3,2.86,28.66,60,v Pakistan,Galle,22 Jun 2012,1,1,0
MM Ali (ENG),18.4,1,88,3,4.71,29.33,37.3,v Pakistan,Manchester,22 Jul 2016,1,1,0
JP Duminy (SA),24,1,89,3,3.7,29.66,48,v England,Durban,26 Dec 2009,1,1,0
M Muralitharan (SL),38,8,91,3,2.39,30.33,76,v England,Galle,18 Dec 2007,1,1,0
Harbhajan Singh (INDIA),32,5,93,3,2.9,31,64,v Pakistan,Delhi,22 Nov 2007,1,1,0
Mehidy Hasan Miraz (BDESH),38,6,93,3,2.44,31,76,v Australia,Chittagong,4 Sep 2017,1,1,0
MM Ali (ENG),26,4,94,3,3.61,31.33,52,v New Zealand,Lord's,21 May 2015,1,1,0
BAW Mendis (SL),27,3,101,3,3.74,33.66,54,v Pakistan,Colombo (PSS),12 Jul 2009,1,1,0
MM Ali (ENG),18,1,102,3,5.66,34,36,v Australia,The Oval,20 Aug 2015,1,1,0
S Randiv (SL),43,7,103,3,2.39,34.33,86,v Australia,Pallekele,8 Sep 2011,1,1,0
NM Lyon (AUS),37.5,6,107,3,2.82,35.66,75.6,v New Zealand,Perth,13 Nov 2015,1,1,0
Imran Tahir (SA),26,2,108,3,4.15,36,52,v West Indies,Port Elizabeth,26 Dec 2014,1,1,0
D Bishoo (WI),41,5,109,3,2.65,36.33,82,v India,Bridgetown,28 Jun 2011,1,1,0
NM Lyon (AUS),42,9,109,3,2.59,36.33,84,v England,Melbourne,26 Dec 2017,1,1,0
GP Swann (ENG),36.5,10,111,3,3.01,37,73.6,v West Indies,Lord's,17 May 2012,1,1,0
RL Chase (WI),44,10,111,3,2.52,37,88,v India,Gros Islet,9 Aug 2016,1,1,0
A Kumble (INDIA),43.3,9,112,3,2.57,37.33,87,v Australia,Delhi,29 Oct 2008,1,1,0
NM Lyon (AUS),37,8,115,3,3.1,38.33,74,v England,Perth,14 Dec 2017,1,1,0
D Bishoo (WI),41,11,116,3,2.82,38.66,82,v Pakistan,Bridgetown,30 Apr 2017,1,1,0
CH Gayle (WI),40,5,120,3,3,40,80,v Sri Lanka,Providence,22 Mar 2008,1,1,0
GP Swann (ENG),44.4,7,120,3,2.68,40,89.3,v Sri Lanka,Lord's,3 Jun 2011,1,1,0
GA Lamb (ZIM),28,2,120,3,4.28,40,56,v Pakistan,Bulawayo,1 Sep 2011,1,1,0
NM Lyon (AUS),46,12,120,3,2.6,40,92,v West Indies,Sydney,3 Jan 2016,1,1,0
SK Warne (AUS),43,6,124,3,2.88,41.33,86,v South Africa,Melbourne,26 Dec 2001,1,1,0
Nasir Hossain (BDESH),50,11,130,3,2.6,43.33,100,v West Indies,Dhaka,29 Oct 2011,1,1,0
Fahim Muntasir (BDESH),27,3,131,3,4.85,43.66,54,v Pakistan,Chittagong,16 Jan 2002,1,1,0
S Randiv (SL),50,4,131,3,2.62,43.66,100,v New Zealand,Colombo (PSS),25 Nov 2012,1,1,0
BAW Mendis (SL),57.5,12,135,3,2.33,45,115.6,v New Zealand,Galle,18 Aug 2009,1,1,0
Danish Kaneria (PAK),47,10,136,3,2.89,45.33,94,v West Indies,Lahore,11 Nov 2006,1,1,0
Danish Kaneria (PAK),51,14,137,3,2.68,45.66,102,v Bangladesh,Peshawar,27 Aug 2003,1,1,0
Harbhajan Singh (INDIA),52,8,142,3,2.73,47.33,104,v Australia,Chennai,22 Feb 2013,1,1,0
SK Warne (AUS),55.3,11,144,3,2.59,48,111,v New Zealand,Adelaide,26 Nov 2004,1,1,0
SK Warne (AUS),36,4,150,3,4.16,50,72,v New Zealand,Brisbane,8 Nov 2001,1,1,0
DL Piedt (SA),43,13,150,3,3.48,50,86,v England,Cape Town,2 Jan 2016,1,1,0
Saqlain Mushtaq (PAK),67,16,152,3,2.26,50.66,134,v Sri Lanka,Rawalpindi,26 Feb 2000,1,1,0
HDPK Dharmasena (SL),56,14,153,3,2.73,51,112,v New Zealand,Colombo (PSS),25 Apr 2003,1,1,0
Mahmudullah (BDESH),52,6,156,3,3,52,104,v Sri Lanka,Chittagong,4 Feb 2014,1,1,0
A Mishra (INDIA),36.3,3,158,3,4.32,52.66,73,v England,Rajkot,9 Nov 2016,1,1,0
MDK Perera (SL),55,6,159,3,2.89,53,110,v Bangladesh,Colombo (PSS),15 Mar 2017,1,1,0
A Kumble (INDIA),65,13,163,3,2.5,54.33,130,v South Africa,Chennai,26 Mar 2008,1,1,0
D Bishoo (WI),43,1,163,3,3.79,54.33,86,v India,North Sound,21 Jul 2016,1,1,0
Danish Kaneria (PAK),54,6,165,3,3.05,55,108,v India,Faisalabad,21 Jan 2006,1,1,0
Imran Tahir (SA),48,4,165,3,3.43,55,96,v Sri Lanka,Durban,26 Dec 2011,1,1,0
R Ashwin (INDIA),62,14,165,3,2.66,55,124,v England,Nagpur,13 Dec 2012,1,1,0
Sohag Gazi (BDESH),57.3,4,167,3,2.9,55.66,115,v West Indies,Khulna,21 Nov 2012,1,1,0
A Kumble (INDIA),54,9,169,3,3.12,56.33,108,v West Indies,Kolkata,30 Oct 2002,1,1,0
NM Lyon (AUS),34,3,169,3,4.97,56.33,68,v South Africa,Perth,30 Nov 2012,1,1,0
Danish Kaneria (PAK),46.2,5,170,3,3.66,56.66,92.6,v Sri Lanka,Karachi,21 Feb 2009,1,1,0
Harbhajan Singh (INDIA),68,13,179,3,2.63,59.66,136,v Australia,Bengaluru,9 Oct 2008,1,1,0
AG Cremer (ZIM),42,4,179,3,4.26,59.66,84,v Bangladesh,Harare,25 Apr 2013,1,1,0
A Kumble (INDIA),66,18,181,3,2.74,60.33,132,v New Zealand,Mohali,16 Oct 2003,1,1,0
SCG MacGill (AUS),45,6,183,3,4.06,61,90,v Sri Lanka,Hobart,16 Nov 2007,1,1,0
S Randiv (SL),48.2,3,183,3,3.78,61,96.6,v West Indies,Galle,15 Nov 2010,1,1,0
R Ashwin (INDIA),52.3,9,183,3,3.48,61,105,v England,Kolkata,5 Dec 2012,1,1,0
A Kumble (INDIA),46,7,188,3,4.08,62.66,92,v Australia,Nagpur,26 Oct 2004,1,1,0
OAC Banks (WI),40,2,204,3,5.1,68,80,v Australia,Bridgetown,1 May 2003,1,1,0
OAC Banks (WI),57,7,215,3,3.77,71.66,114,v Australia,St John's,9 May 2003,1,1,0
MM Ali (ENG),52,4,216,3,4.15,72,104,v Australia,Lord's,16 Jul 2015,1,1,0
R Ashwin (INDIA),69.3,7,230,3,3.3,76.66,139,v England,Rajkot,9 Nov 2016,1,1,0
M Muralitharan (SL),73,11,231,3,3.16,77,146,v West Indies,Colombo (SSC),29 Nov 2001,1,1,0
CH Gayle (WI),16.5,6,20,2,1.18,10,50.5,v England,Port of Spain,19 Mar 2004,1,1,0
Shahid Afridi (PAK),12,3,21,2,1.75,10.5,36,v England,Faisalabad,29 Nov 2000,1,1,0
JS Patel (NZ),12,2,22,2,1.83,11,36,v South Africa,Hamilton,25 Mar 2017,1,1,0
RR Sarwan (WI),12,2,26,2,2.16,13,36,v England,St John's,10 Apr 2004,1,1,0
JP Duminy (SA),12,3,30,2,2.5,15,36,v England,Cape Town,3 Jan 2010,1,1,0
PJ Wiseman (NZ),11,3,31,2,2.81,15.5,33,v Australia,Hamilton,31 Mar 2000,1,1,0
OAC Banks (WI),22,6,31,2,1.4,15.5,66,v Sri Lanka,Kingston,27 Jun 2003,1,1,0
N Deonarine (WI),20,6,32,2,1.6,16,60,v Australia,Port of Spain,15 Apr 2012,1,1,0
A Mishra (INDIA),12,3,35,2,2.91,17.5,36,v South Africa,Mohali,5 Nov 2015,1,1,0
Saqlain Mushtaq (PAK),17.3,3,38,2,2.17,19,52.5,v New Zealand,Lahore,1 May 2002,1,1,0
SK Raina (INDIA),13,2,38,2,2.92,19,39,v New Zealand,Hyderabad (Deccan),12 Nov 2010,1,1,0
Shahid Afridi (PAK),12,3,40,2,3.33,20,36,v Sri Lanka,Karachi,12 Mar 2000,1,1,0
CL Hooper (WI),30,13,40,2,1.33,20,90,v New Zealand,Bridgetown,21 Jun 2002,1,1,0
NM Hauritz (AUS),14,1,40,2,2.85,20,42,v West Indies,Brisbane,26 Nov 2009,1,1,0
SCG MacGill (AUS),16,5,42,2,2.62,21,48,v West Indies,Brisbane,23 Nov 2000,1,1,0
Mohammad Ashraful (BDESH),10,0,42,2,4.2,21,30,v South Africa,Dhaka,1 May 2003,1,1,0
NM Lyon (AUS),20,6,46,2,2.3,23,60,v England,Brisbane,21 Nov 2013,1,1,0
MM Ali (ENG),13,3,49,2,3.76,24.5,39,v Pakistan,Lord's,14 Jul 2016,1,1,0
Mahmudullah (BDESH),13,0,52,2,4,26,39,v India,Chittagong,17 Jan 2010,1,1,0
RDB Croft (ENG),29,9,53,2,1.82,26.5,87,v West Indies,Birmingham,15 Jun 2000,1,1,0
SCG MacGill (AUS),21,4,54,2,2.57,27,63,v Zimbabwe,Perth,9 Oct 2003,1,1,0
MM Ali (ENG),13,2,54,2,4.15,27,39,v West Indies,Birmingham,17 Aug 2017,1,1,0
JE Root (ENG),12,0,55,2,4.58,27.5,36,v Australia,Lord's,16 Jul 2015,1,1,0
Danish Kaneria (PAK),13.1,1,56,2,4.25,28,39.5,v India,Lahore,5 Apr 2004,1,1,0
Mohammad Ashraful (BDESH),17,1,56,2,3.29,28,51,v Sri Lanka,Chittagong,3 Jan 2009,1,1,0
BAW Mendis (SL),16.3,1,56,2,3.39,28,49.5,v West Indies,Colombo (RPS),23 Nov 2010,1,1,0
Mohammad Ashraful (BDESH),13,0,57,2,4.38,28.5,39,v West Indies,Dhaka,8 Dec 2002,1,1,0
UDU Chandana (SL),20,2,58,2,2.9,29,60,v South Africa,Kandy,30 Jul 2000,1,1,0
Jubair Hossain (BDESH),15,1,58,2,3.86,29,45,v Zimbabwe,Dhaka,25 Oct 2014,1,1,0
GP Swann (ENG),20.2,4,62,2,3.04,31,61,v West Indies,Nottingham,25 May 2012,1,1,0
Harbhajan Singh (INDIA),32,9,62,2,1.93,31,96,v Australia,Hyderabad (Deccan),2 Mar 2013,1,1,0
PP Chawla (INDIA),16,3,66,2,4.12,33,48,v South Africa,Kanpur,11 Apr 2008,1,1,0
Shuvagata Hom (BDESH),16,1,66,2,4.12,33,48,v Zimbabwe,Chittagong,12 Nov 2014,1,1,0
CL Hooper (WI),34,9,68,2,2,34,102,v South Africa,St John's,6 Apr 2001,1,1,0
Imran Farhat (PAK),12.2,1,69,2,5.59,34.5,37,v India,Rawalpindi,13 Apr 2004,1,1,0
SCG MacGill (AUS),31,10,69,2,2.22,34.5,93,v South Africa,Melbourne,26 Dec 2005,1,1,0
Imran Tahir (SA),15.4,1,69,2,4.4,34.5,47,v India,Johannesburg,18 Dec 2013,1,1,0
SK Warne (AUS),26,5,70,2,2.69,35,78,v England,Perth,29 Nov 2002,1,1,0
MP Vaughan (ENG),21,5,71,2,3.38,35.5,63,v India,Nottingham,8 Aug 2002,1,1,0
TM Dilshan (SL),20,4,73,2,3.65,36.5,60,v England,Colombo (PSS),3 Apr 2012,1,1,0
Harbhajan Singh (INDIA),21,1,74,2,3.52,37,63,v England,Mumbai,23 Nov 2012,1,1,0
MM Ali (ENG),21,0,74,2,3.52,37,63,v Sri Lanka,Leeds,20 Jun 2014,1,1,0
Danish Kaneria (PAK),18,0,75,2,4.16,37.5,54,v India,Karachi,29 Jan 2006,1,1,0
A Mishra (INDIA),24,0,75,2,3.12,37.5,72,v England,Mohali,19 Dec 2008,1,1,0
TM Dilshan (SL),26,5,75,2,2.88,37.5,78,v Bangladesh,Galle,8 Mar 2013,1,1,0
Shuvagata Hom (BDESH),16,0,76,2,4.75,38,48,v Pakistan,Dhaka,6 May 2015,1,1,0
KS Lokuarachchi (SL),30,8,78,2,2.6,39,90,v New Zealand,Kandy,3 May 2003,1,1,0
Mahmudullah (BDESH),23,1,78,2,3.39,39,69,v England,Chittagong,12 Mar 2010,1,1,0
BAW Mendis (SL),28,6,78,2,2.78,39,84,v West Indies,Pallekele,1 Dec 2010,1,1,0
PA Strang (ZIM),38,11,80,2,2.1,40,114,v New Zealand,Harare,19 Sep 2000,1,1,0
Danish Kaneria (PAK),47,17,80,2,1.7,40,141,v England,Karachi,7 Dec 2000,1,1,0
CL Hooper (WI),52,17,80,2,1.53,40,156,v South Africa,Bridgetown,29 Mar 2001,1,1,0
CH Gayle (WI),43.2,10,84,2,1.93,42,130,v Bangladesh,Gros Islet,28 May 2004,1,1,0
JP Duminy (SA),24,0,87,2,3.62,43.5,72,v India,Johannesburg,18 Dec 2013,1,1,0
GP Swann (ENG),13,1,88,2,6.76,44,39,v India,Birmingham,10 Aug 2011,1,1,0
Danish Kaneria (PAK),34,9,89,2,2.61,44.5,102,v England,Faisalabad,29 Nov 2000,1,1,0
HDPK Dharmasena (SL),42,14,91,2,2.16,45.5,126,v England,Galle,2 Dec 2003,1,1,0
Shahid Afridi (PAK),24.4,0,91,2,3.68,45.5,74,v India,Faisalabad,21 Jan 2006,1,1,0
V Sehwag (INDIA),33,3,92,2,2.78,46,99,v South Africa,Chennai,26 Mar 2008,1,1,0
GP Swann (ENG),33,4,95,2,2.87,47.5,99,v Australia,The Oval,21 Aug 2013,1,1,0
Sikandar Raza (ZIM),30,5,95,2,3.16,47.5,90,v West Indies,Bulawayo,21 Oct 2017,1,1,0
S Randiv (SL),31.1,1,99,2,3.17,49.5,93.5,v New Zealand,Galle,17 Nov 2012,1,1,0
D Ramnarine (WI),62,30,100,2,1.61,50,186,v South Africa,St John's,6 Apr 2001,1,1,0
UDU Chandana (SL),39,14,100,2,2.56,50,117,v England,Colombo (SSC),18 Dec 2003,1,1,0
J Yadav (INDIA),23,2,101,2,4.39,50.5,69,v Australia,Pune,23 Feb 2017,1,1,0
SCG MacGill (AUS),29,5,102,2,3.51,51,87,v West Indies,Adelaide,25 Nov 2005,1,1,0
P Utseya (ZIM),31,2,103,2,3.32,51.5,93,v Pakistan,Harare,10 Sep 2013,1,1,0
Jubair Hossain (BDESH),29,2,106,2,3.65,53,87,v Zimbabwe,Khulna,3 Nov 2014,1,1,0
MDK Perera (SL),30,2,109,2,3.63,54.5,90,v Pakistan,Colombo (SSC),14 Aug 2014,1,1,0
RA Austin (WI),43.2,9,113,2,2.6,56.5,130,v Bangladesh,Kingstown,9 Jul 2009,1,1,0
Jubair Hossain (BDESH),19,1,113,2,5.94,56.5,57,v India,Fatullah,10 Jun 2015,1,1,0
GP Swann (ENG),41,6,114,2,2.78,57,123,v India,Lord's,21 Jul 2011,1,1,0
BAW Mendis (SL),35,2,116,2,3.31,58,105,v Pakistan,Galle,4 Jul 2009,1,1,0
A Mishra (INDIA),39.2,9,117,2,2.97,58.5,118,v England,Chennai,16 Dec 2016,1,1,0
CH Gayle (WI),35,3,120,2,3.42,60,105,v Pakistan,Kingston,3 Jun 2005,1,1,0
Shuvagata Hom (BDESH),34,1,120,2,3.52,60,102,v Pakistan,Khulna,28 Apr 2015,1,1,0
PJ Wiseman (NZ),31,5,122,2,3.93,61,93,v South Africa,Hamilton,10 Mar 2004,1,1,0
D Bishoo (WI),38,2,125,2,3.28,62.5,114,v India,Roseau,6 Jul 2011,1,1,0
JS Patel (NZ),27,5,128,2,4.74,64,81,v Bangladesh,Hamilton,15 Feb 2010,1,1,0
MM Ali (ENG),34.5,6,128,2,3.67,64,104.5,v Pakistan,Birmingham,3 Aug 2016,1,1,0
MM Ali (ENG),23,1,128,2,5.56,64,69,v Pakistan,The Oval,11 Aug 2016,1,1,0
KS Lokuarachchi (SL),37,4,130,2,3.51,65,111,v New Zealand,Colombo (PSS),25 Apr 2003,1,1,0
Sohag Gazi (BDESH),39,5,130,2,3.33,65,117,v Sri Lanka,Dhaka,27 Jan 2014,1,1,0
Harbhajan Singh (INDIA),38,7,131,2,3.44,65.5,114,v Pakistan,Bengaluru,8 Dec 2007,1,1,0
NM Lyon (AUS),57,20,133,2,2.33,66.5,171,v Sri Lanka,Hobart,14 Dec 2012,1,1,0
NM Lyon (AUS),34,3,135,2,3.97,67.5,102,v Sri Lanka,Sydney,3 Jan 2013,1,1,0
HDPK Dharmasena (SL),45,5,137,2,3.04,68.5,135,v England,Kandy,10 Dec 2003,1,1,0
S Randiv (SL),35,5,137,2,3.91,68.5,105,v Australia,Galle,31 Aug 2011,1,1,0
NM Lyon (AUS),40,5,139,2,3.47,69.5,120,v Pakistan,Brisbane,15 Dec 2016,1,1,0
Shoaib Malik (PAK),36,3,140,2,3.88,70,108,v Sri Lanka,Karachi,21 Feb 2009,1,1,0
NM Lyon (AUS),46,12,142,2,3.08,71,138,v England,Adelaide,5 Dec 2013,1,1,0
SCG MacGill (AUS),50,8,143,2,2.86,71.5,150,v Sri Lanka,Brisbane,8 Nov 2007,1,1,0
A Mishra (INDIA),47,12,144,2,3.06,72,141,v Australia,Delhi,29 Oct 2008,1,1,0
NM Lyon (AUS),41,3,144,2,3.51,72,123,v India,Melbourne,26 Dec 2014,1,1,0
R Ashwin (INDIA),42.3,6,145,2,3.41,72.5,127.5,v England,Mumbai,23 Nov 2012,1,1,0
Harbhajan Singh (INDIA),48,7,149,2,3.1,74.5,144,v New Zealand,Mohali,16 Oct 2003,1,1,0
SK Warne (AUS),47,6,151,2,3.21,75.5,141,v South Africa,Sydney,2 Jan 2006,1,1,0
HDPK Dharmasena (SL),44,5,152,2,3.45,76,132,v Australia,Galle,8 Mar 2004,1,1,0
BAW Mendis (SL),36,3,152,2,4.22,76,108,v Bangladesh,Galle,8 Mar 2013,1,1,0
MD Craig (NZ),35.2,2,153,2,4.33,76.5,106,v Australia,Wellington,12 Feb 2016,1,1,0
MM Ali (ENG),49,7,160,2,3.26,80,147,v West Indies,Leeds,25 Aug 2017,1,1,0
UDU Chandana (SL),38.3,3,161,2,4.18,80.5,115.5,v Australia,Galle,8 Mar 2004,1,1,0
MV Nagamootoo (WI),75,25,163,2,2.17,81.5,225,v New Zealand,St George's,28 Jun 2002,1,1,0
Harbhajan Singh (INDIA),46,1,166,2,3.6,83,138,v South Africa,Nagpur,6 Feb 2010,1,1,0
JS Patel (NZ),51,10,170,2,3.33,85,153,v Australia,Hamilton,27 Mar 2010,1,1,0
Harbhajan Singh (INDIA),64,11,172,2,2.68,86,192,v England,Nagpur,1 Mar 2006,1,1,0
SCG MacGill (AUS),36,7,173,2,4.8,86.5,108,v West Indies,Adelaide,15 Dec 2000,1,1,0
BAW Mendis (SL),44,4,174,2,3.95,87,132,v India,Colombo (PSS),3 Aug 2010,1,1,0
Danish Kaneria (PAK),62,4,178,2,2.87,89,186,v India,Rawalpindi,13 Apr 2004,1,1,0
NM Hauritz (AUS),63,9,179,2,2.84,89.5,189,v West Indies,Adelaide,4 Dec 2009,1,1,0
NM Lyon (AUS),44,4,184,2,4.18,92,132,v South Africa,Perth,3 Nov 2016,1,1,0
R Ashwin (INDIA),64,12,185,2,2.89,92.5,192,v Australia,Ranchi,16 Mar 2017,1,1,0
A Kumble (INDIA),72,21,189,2,2.62,94.5,216,v England,Nagpur,1 Mar 2006,1,1,0
Harbhajan Singh (INDIA),48.4,4,189,2,3.88,94.5,146,v Sri Lanka,Ahmedabad,16 Nov 2009,1,1,0
SK Warne (AUS),64,12,210,2,3.28,105,192,v New Zealand,Perth,30 Nov 2001,1,1,0
S Randiv (SL),73,16,222,2,3.04,111,219,v India,Colombo (SSC),26 Jul 2010,1,1,0
Sohag Gazi (BDESH),66.5,5,268,2,4,134,200.5,v Sri Lanka,Chittagong,4 Feb 2014,1,1,0
DM de Silva (SL),11,7,12,1,1.09,12,66,v Australia,Pallekele,26 Jul 2016,1,1,0
Mohammad Hafeez (PAK),14,8,14,1,1,14,84,v Bangladesh,Karachi,20 Aug 2003,1,1,0
TR Gripper (ZIM),12,5,23,1,1.91,23,72,v West Indies,Harare,4 Nov 2003,1,1,0
UDU Chandana (SL),10,3,25,1,2.5,25,60,v Bangladesh,Colombo (SSC),28 Jul 2002,1,1,0
GC Smith (SA),10,3,25,1,2.5,25,60,v England,Port Elizabeth,17 Dec 2004,1,1,0
TM Dilshan (SL),12,6,26,1,2.16,26,72,v South Africa,Colombo (SSC),11 Aug 2004,1,1,0
SR Tendulkar (INDIA),10,0,27,1,2.7,27,60,v England,Ahmedabad,11 Dec 2001,1,1,0
CH Gayle (WI),13,1,30,1,2.3,30,78,v Australia,St John's,9 May 2003,1,1,0
TM Dilshan (SL),16,5,30,1,1.87,30,96,v South Africa,Galle,4 Aug 2004,1,1,0
CH Gayle (WI),14,0,30,1,2.14,30,84,v Sri Lanka,Port of Spain,3 Apr 2008,1,1,0
JP Duminy (SA),14,3,33,1,2.35,33,84,v Australia,Port Elizabeth,20 Feb 2014,1,1,0
N Deonarine (WI),30,15,35,1,1.16,35,180,v South Africa,Georgetown,31 Mar 2005,1,1,0
MP Vaughan (ENG),12,1,36,1,3,36,72,v India,The Oval,5 Sep 2002,1,1,0
JP Duminy (SA),11,1,38,1,3.45,38,66,v Australia,Durban,6 Mar 2009,1,1,0
S Chanderpaul (WI),10,0,38,1,3.8,38,60,v India,Roseau,6 Jul 2011,1,1,0
Mohammad Hafeez (PAK),14,0,40,1,2.85,40,84,v South Africa,Karachi,1 Oct 2007,1,1,0
CH Gayle (WI),24,9,40,1,1.66,40,144,v England,Kingston,4 Feb 2009,1,1,0
CH Gayle (WI),13,1,41,1,3.15,41,78,v England,St John's,15 Feb 2009,1,1,0
TT Samaraweera (SL),13,2,42,1,3.23,42,78,v Bangladesh,Colombo (SSC),6 Sep 2001,1,1,0
SK Raina (INDIA),12,1,42,1,3.5,42,72,v New Zealand,Ahmedabad,4 Nov 2010,1,1,0
CL Hooper (WI),28,8,43,1,1.53,43,168,v South Africa,Kingston,19 Apr 2001,1,1,0
GJ Batty (ENG),15,2,44,1,2.93,44,90,v Bangladesh,Chester-le-Street,3 Jun 2005,1,1,0
MJ North (AUS),19,3,47,1,2.47,47,114,v England,Brisbane,25 Nov 2010,1,1,0
PA de Silva (SL),24.5,7,49,1,1.97,49,149,v South Africa,Colombo (SSC),6 Aug 2000,1,1,0
CH Gayle (WI),17,3,50,1,2.94,50,102,v Bangladesh,Kingstown,5 Sep 2014,1,1,0
SR Tendulkar (INDIA),19,5,51,1,2.68,51,114,v Zimbabwe,Delhi,18 Nov 2000,1,1,0
CH Gayle (WI),21,6,52,1,2.47,52,126,v India,Gros Islet,10 Jun 2006,1,1,0
DL Piedt (SA),12,3,52,1,4.33,52,72,v New Zealand,Centurion,27 Aug 2016,1,1,0
BA Murphy (ZIM),17,2,53,1,3.11,53,102,v Bangladesh,Bulawayo,19 Apr 2001,1,1,0
Mahmudullah (BDESH),20,4,53,1,2.65,53,120,v England,Dhaka,20 Mar 2010,1,1,0
MN Samuels (WI),27,5,53,1,1.96,53,162,v England,Bridgetown,1 May 2015,1,1,0
CL Hooper (WI),28,8,55,1,1.96,55,168,v India,Port of Spain,19 Apr 2002,1,1,0
SR Tendulkar (INDIA),22,3,55,1,2.5,55,132,v New Zealand,Mohali,16 Oct 2003,1,1,0
V Sehwag (INDIA),18,1,55,1,3.05,55,108,v South Africa,Nagpur,6 Feb 2010,1,1,0
LPC Silva (SL),13,1,57,1,4.38,57,78,v England,Colombo (SSC),9 Dec 2007,1,1,0
GP Swann (ENG),25,6,57,1,2.28,57,150,v Sri Lanka,Southampton,16 Jun 2011,1,1,0
NM Lyon (AUS),15,3,57,1,3.8,57,90,v England,Sydney,3 Jan 2014,1,1,0
JS Patel (NZ),14,1,57,1,4.07,57,84,v South Africa,Wellington,16 Mar 2017,1,1,0
S Matsikenyeri (ZIM),15,2,58,1,3.86,58,90,v Sri Lanka,Harare,6 May 2004,1,1,0
Shoaib Malik (PAK),12,1,58,1,4.83,58,72,v Sri Lanka,Faisalabad,20 Oct 2004,1,1,0
Saqlain Mushtaq (PAK),25,5,61,1,2.44,61,150,v Bangladesh,Multan,3 Sep 2003,1,1,0
Mohammad Ashraful (BDESH),17,0,62,1,3.64,62,102,v Zimbabwe,Chittagong,15 Nov 2001,1,1,0
SR Tendulkar (INDIA),15,1,62,1,4.13,62,90,v Pakistan,Bengaluru,24 Mar 2005,1,1,0
TM Dilshan (SL),25,4,62,1,2.48,62,150,v Bangladesh,Colombo (RPS),16 Mar 2013,1,1,0
PJ Wiseman (NZ),31,7,64,1,2.06,64,186,v Australia,Auckland,26 Mar 2005,1,1,0
Shoaib Malik (PAK),18,1,64,1,3.55,64,108,v England,Multan,12 Nov 2005,1,1,0
NM Lyon (AUS),20,2,64,1,3.2,64,120,v India,Sydney,3 Jan 2012,1,1,0
MM Ali (ENG),16.1,3,64,1,3.95,64,97,v Australia,Birmingham,29 Jul 2015,1,1,0
CH Gayle (WI),31,11,65,1,2.09,65,186,v South Africa,St John's,29 Apr 2005,1,1,0
IS Sodhi (NZ),17.2,0,65,1,3.75,65,104,v West Indies,Hamilton,19 Dec 2013,1,1,0
Aminul Islam (BDESH),17,1,66,1,3.88,66,102,v Zimbabwe,Chittagong,15 Nov 2001,1,1,0
CH Gayle (WI),22,5,66,1,3,66,132,v India,St John's,2 Jun 2006,1,1,0
SK Warne (AUS),22.4,1,69,1,3.04,69,136,v England,Sydney,2 Jan 2007,1,1,0
SV Bahutule (INDIA),21,3,70,1,3.33,70,126,v Australia,Chennai,18 Mar 2001,1,1,0
SK Warne (AUS),24.2,3,70,1,2.87,70,146,v New Zealand,Hobart,22 Nov 2001,1,1,0
Shoaib Malik (PAK),26,5,70,1,2.69,70,156,v South Africa,Faisalabad,24 Oct 2003,1,1,0
RP Arnold (SL),20,4,71,1,3.55,71,120,v Pakistan,Galle,21 Jun 2000,1,1,0
MN Samuels (WI),22,2,71,1,3.22,71,132,v Australia,Roseau,3 Jun 2015,1,1,0
HDPK Dharmasena (SL),38,12,72,1,1.89,72,228,v England,Galle,22 Feb 2001,1,1,0
HDPK Dharmasena (SL),27,7,72,1,2.66,72,162,v New Zealand,Kandy,3 May 2003,1,1,0
M Muralitharan (SL),41,9,73,1,1.78,73,246,v England,Colombo (SSC),15 Mar 2001,1,1,0
MDK Perera (SL),27,4,73,1,2.7,73,162,v Australia,Pallekele,26 Jul 2016,1,1,0
Shahid Afridi (PAK),27,4,74,1,2.74,74,162,v England,Karachi,7 Dec 2000,1,1,0
HDPK Dharmasena (SL),27,4,74,1,2.74,74,162,v England,Kandy,7 Mar 2001,1,1,0
A Kumble (INDIA),29.3,6,74,1,2.5,74,177,v England,Bengaluru,19 Dec 2001,1,1,0
AS Jaggernauth (WI),20,0,74,1,3.7,74,120,v Australia,Kingston,22 May 2008,1,1,0
CH Gayle (WI),32,9,74,1,2.31,74,192,v England,Bridgetown,26 Feb 2009,1,1,0
TT Samaraweera (SL),29.3,5,78,1,2.64,78,177,v Australia,Colombo (SSC),24 Mar 2004,1,1,0
A Kumble (INDIA),33,2,78,1,2.36,78,198,v South Africa,Ahmedabad,3 Apr 2008,1,1,0
Rajin Saleh (BDESH),19,0,81,1,4.26,81,114,v New Zealand,Chittagong,26 Oct 2004,1,1,0
Harbhajan Singh (INDIA),35,5,83,1,2.37,83,210,v England,Mohali,9 Mar 2006,1,1,0
RR Sarwan (WI),18,0,83,1,4.61,83,108,v India,Gros Islet,10 Jun 2006,1,1,0
MD Craig (NZ),38,10,83,1,2.18,83,228,v Sri Lanka,Christchurch,26 Dec 2014,1,1,0
M Muralitharan (SL),28,6,84,1,3,84,168,v Bangladesh,Colombo (PSS),3 Jul 2007,1,1,0
PHT Kaushal (SL),24,4,86,1,3.58,86,144,v India,Colombo (SSC),28 Aug 2015,1,1,0
JA Rudolph (SA),23,3,91,1,3.95,91,138,v West Indies,Durban,26 Dec 2003,1,1,0
MM Ali (ENG),28,4,91,1,3.25,91,168,v Sri Lanka,Lord's,12 Jun 2014,1,1,0
MN Samuels (WI),33.3,5,92,1,2.74,92,201,v England,St George's,21 Apr 2015,1,1,0
Mahmudullah (BDESH),30,7,94,1,3.13,94,180,v Pakistan,Chittagong,9 Dec 2011,1,1,0
PHT Kaushal (SL),25,7,94,1,3.76,94,150,v West Indies,Galle,14 Oct 2015,1,1,0
TM Dilshan (SL),31,0,96,1,3.09,96,186,v Australia,Colombo (SSC),16 Sep 2011,1,1,0
Mushtaq Ahmed (PAK),25,4,101,1,4.04,101,150,v South Africa,Faisalabad,24 Oct 2003,1,1,0
OAC Banks (WI),43,8,102,1,2.37,102,258,v Sri Lanka,Gros Islet,20 Jun 2003,1,1,0
SCG MacGill (AUS),29,5,102,1,3.51,102,174,v South Africa,Sydney,2 Jan 2006,1,1,0
MV Nagamootoo (WI),40,13,103,1,2.57,103,240,v India,Georgetown,11 Apr 2002,1,1,0
MN Samuels (WI),25.4,0,104,1,4.05,104,154,v England,North Sound,13 Apr 2015,1,1,0
Sikandar Raza (ZIM),25.5,4,106,1,4.1,106,155,v New Zealand,Bulawayo,28 Jul 2016,1,1,0
D Bishoo (WI),33,2,106,1,3.21,106,198,v Pakistan,Kingston,21 Apr 2017,1,1,0
HDPK Dharmasena (SL),35,6,107,1,3.05,107,210,v South Africa,Galle,20 Jul 2000,1,1,0
PJ Wiseman (NZ),36,6,107,1,2.97,107,216,v Pakistan,Auckland,8 Mar 2001,1,1,0
S Randiv (SL),34.3,4,107,1,3.1,107,207,v England,Colombo (PSS),3 Apr 2012,1,1,0
D Bishoo (WI),35,5,107,1,3.05,107,210,v India,Kingston,30 Jul 2016,1,1,0
Harbhajan Singh (INDIA),43,7,112,1,2.6,112,258,v New Zealand,Ahmedabad,4 Nov 2010,1,1,0
AG Cremer (ZIM),22,0,113,1,5.13,113,132,v New Zealand,Harare,7 Aug 2005,1,1,0
NM Hauritz (AUS),48,14,115,1,2.39,115,288,v South Africa,Sydney,3 Jan 2009,1,1,0
Naimur Rahman (BDESH),36,5,118,1,3.27,118,216,v West Indies,Dhaka,8 Dec 2002,1,1,0
GP Swann (ENG),31,4,119,1,3.83,119,186,v Australia,Birmingham,30 Jul 2009,1,1,0
MM Ali (ENG),27,3,121,1,4.48,121,162,v New Zealand,Leeds,29 May 2015,1,1,0
RDB Croft (ENG),47,8,124,1,2.63,124,282,v West Indies,Manchester,3 Aug 2000,1,1,0
GE Bradburn (NZ),42,10,124,1,2.95,124,252,v Pakistan,Christchurch,15 Mar 2001,1,1,0
D Bishoo (WI),45,10,125,1,2.77,125,270,v Australia,Bridgetown,7 Apr 2012,1,1,0
UDU Chandana (SL),36,1,128,1,3.55,128,216,v South Africa,Galle,4 Aug 2004,1,1,0
PJ Wiseman (NZ),38,7,128,1,3.36,128,228,v Sri Lanka,Napier,4 Apr 2005,1,1,0
S Randiv (SL),31,0,131,1,4.22,131,186,v Pakistan,Colombo (SSC),30 Jun 2012,1,1,0
BA Murphy (ZIM),34.4,4,132,1,3.8,132,208,v India,Bulawayo,7 Jun 2001,1,1,0
MM Ali (ENG),28,5,136,1,4.85,136,168,v Sri Lanka,Chester-le-Street,27 May 2016,1,1,0
GM Ewing (ZIM),42,5,141,1,3.35,141,252,v India,Bulawayo,13 Sep 2005,1,1,0
MDK Perera (SL),40,3,147,1,3.67,147,240,v India,Colombo (SSC),3 Aug 2017,1,1,0
AG Cremer (ZIM),52,8,161,1,3.09,161,312,v West Indies,Bulawayo,29 Oct 2017,1,1,0
MN Samuels (WI),47,3,176,1,3.74,176,282,v Australia,Port of Spain,19 Apr 2003,1,1,0
AG Cremer (ZIM),53,4,187,1,3.52,187,318,v New Zealand,Bulawayo,28 Jul 2016,1,1,0
MDK Perera (SL),45,1,197,1,4.37,197,270,v India,Galle,26 Jul 2017,1,1,0
A Mishra (INDIA),58,6,203,1,3.5,203,348,v Sri Lanka,Ahmedabad,16 Nov 2009,1,1,0
Saqlain Mushtaq (PAK),43,4,204,1,4.74,204,258,v India,Multan,28 Mar 2004,1,1,0
JJ Krejza (AUS),49,4,204,1,4.16,204,294,v South Africa,Perth,17 Dec 2008,1,1,0
AG Cremer (ZIM),47,2,206,1,4.38,206,282,v New Zealand,Bulawayo,6 Aug 2016,1,1,0
R Ashwin (INDIA),69,9,207,1,3,207,414,v England,Chennai,16 Dec 2016,1,1,0
SCG MacGill (AUS),54,6,211,1,3.9,211,324,v India,Sydney,2 Jan 2004,1,1,0
A Kumble (INDIA),67,9,247,1,3.68,247,402,v Pakistan,Bengaluru,24 Mar 2005,1,1,0
CH Gayle (WI),10,3,12,0,1.2,-,-,v New Zealand,Bridgetown,21 Jun 2002,1,1,0
CL Hooper (WI),12,4,16,0,1.33,-,-,v India,Georgetown,11 Apr 2002,1,1,0
Naeem Islam (BDESH),12,2,16,0,1.33,-,-,v New Zealand,Chittagong,17 Oct 2008,1,1,0
SR Tendulkar (INDIA),11,3,19,0,1.72,-,-,v Zimbabwe,Nagpur,25 Nov 2000,1,1,0
VVS Laxman (INDIA),10,2,19,0,1.9,-,-,v South Africa,Chennai,26 Mar 2008,1,1,0
V Sehwag (INDIA),10,2,20,0,2,-,-,v South Africa,Kolkata,14 Feb 2010,1,1,0
TM Dilshan (SL),10,1,20,0,2,-,-,v West Indies,Pallekele,1 Dec 2010,1,1,0
JE Root (ENG),12,4,22,0,1.83,-,-,v India,Nottingham,9 Jul 2014,1,1,0
CL Hooper (WI),14,8,23,0,1.64,-,-,v South Africa,Georgetown,9 Mar 2001,1,1,0
CL Hooper (WI),13,4,23,0,1.76,-,-,v South Africa,Port of Spain,17 Mar 2001,1,1,0
UDU Chandana (SL),12,4,24,0,2,-,-,v Zimbabwe,Galle,12 Jan 2002,1,1,0
S Chanderpaul (WI),13,6,25,0,1.92,-,-,v South Africa,Georgetown,31 Mar 2005,1,1,0
TM Dilshan (SL),12,1,25,0,2.08,-,-,v England,Galle,26 Mar 2012,1,1,0
Mohammad Hafeez (PAK),10,4,26,0,2.6,-,-,v Bangladesh,Peshawar,27 Aug 2003,1,1,0
Shoaib Malik (PAK),12,4,27,0,2.25,-,-,v Bangladesh,Peshawar,27 Aug 2003,1,1,0
CL Hooper (WI),13,4,29,0,2.23,-,-,v India,St John's,10 May 2002,1,1,0
Nasir Hossain (BDESH),12,1,29,0,2.41,-,-,v West Indies,Khulna,21 Nov 2012,1,1,0
CH Gayle (WI),13,3,29,0,2.23,-,-,v New Zealand,Port of Spain,16 Jun 2014,1,1,0
TM Dilshan (SL),10,1,30,0,3,-,-,v India,Galle,18 Jul 2010,1,1,0
KS Williamson (NZ),12,3,30,0,2.5,-,-,v England,Dunedin,6 Mar 2013,1,1,0
CH Gayle (WI),14,2,31,0,2.21,-,-,v India,Basseterre,22 Jun 2006,1,1,0
CH Gayle (WI),13,3,32,0,2.46,-,-,v England,Bridgetown,1 Apr 2004,1,1,0
TM Dilshan (SL),14,4,32,0,2.28,-,-,v Australia,Pallekele,8 Sep 2011,1,1,0
SR Tendulkar (INDIA),10,2,33,0,3.3,-,-,v South Africa,Bengaluru,2 Mar 2000,1,1,0
Alok Kapali (BDESH),11,2,33,0,3,-,-,v South Africa,Dhaka,1 May 2003,1,1,0
KS Lokuarachchi (SL),12,2,33,0,2.75,-,-,v Australia,Kandy,16 Mar 2004,1,1,0
KC Brathwaite (WI),10,1,33,0,3.3,-,-,v India,Gros Islet,9 Aug 2016,1,1,0
MP Vaughan (ENG),14,2,35,0,2.5,-,-,v Sri Lanka,Lord's,16 May 2002,1,1,0
HMCM Bandara (SL),14,4,35,0,2.5,-,-,v Pakistan,Colombo (SSC),26 Mar 2006,1,1,0
Imran Tahir (SA),10,1,35,0,3.5,-,-,v Australia,Cape Town,9 Nov 2011,1,1,0
KS Williamson (NZ),13,1,35,0,2.69,-,-,v South Africa,Wellington,23 Mar 2012,1,1,0
CH Gayle (WI),17,6,36,0,2.11,-,-,v England,St John's,10 Apr 2004,1,1,0
Shahid Afridi (PAK),18,6,38,0,2.11,-,-,v England,Lahore,15 Nov 2000,1,1,0
V Sehwag (INDIA),18,2,38,0,2.11,-,-,v Australia,Nagpur,6 Nov 2008,1,1,0
Naeem Islam (BDESH),12,2,38,0,3.16,-,-,v West Indies,Dhaka,29 Oct 2011,1,1,0
MM Ali (ENG),14,2,38,0,2.71,-,-,v Sri Lanka,Lord's,9 Jun 2016,1,1,0
KC Brathwaite (WI),11,0,40,0,3.63,-,-,v India,Kingston,30 Jul 2016,1,1,0
BA Murphy (ZIM),10,1,42,0,4.2,-,-,v India,Harare,15 Jun 2001,1,1,0
MJ North (AUS),14,2,42,0,3,-,-,v West Indies,Adelaide,4 Dec 2009,1,1,0
Naeem Islam (BDESH),12,1,42,0,3.5,-,-,v England,Chittagong,12 Mar 2010,1,1,0
Mahmudullah (BDESH),10,0,42,0,4.2,-,-,v West Indies,Khulna,21 Nov 2012,1,1,0
Naeem Islam (BDESH),14,1,43,0,3.07,-,-,v West Indies,Khulna,21 Nov 2012,1,1,0
JP Duminy (SA),12,1,44,0,3.66,-,-,v Australia,Centurion,12 Feb 2014,1,1,0
Shoaib Malik (PAK),16,5,45,0,2.81,-,-,v Sri Lanka,Karachi,28 Oct 2004,1,1,0
CH Gayle (WI),16,3,45,0,2.81,-,-,v Australia,Bridgetown,12 Jun 2008,1,1,0
Mahmudullah (BDESH),15,2,45,0,3,-,-,v Pakistan,Dhaka,17 Dec 2011,1,1,0
Mahmudullah (BDESH),14,0,45,0,3.21,-,-,v West Indies,Dhaka,13 Nov 2012,1,1,0
CH Gayle (WI),10,0,46,0,4.6,-,-,v Zimbabwe,Kingston,24 Mar 2000,1,1,0
Shoaib Malik (PAK),13,1,47,0,3.61,-,-,v West Indies,Multan,19 Nov 2006,1,1,0
UDU Chandana (SL),24,4,48,0,2,-,-,v England,Galle,2 Dec 2003,1,1,0
Mohammad Ashraful (BDESH),15,3,49,0,3.26,-,-,v Zimbabwe,Dhaka,8 Nov 2001,1,1,0
MN Samuels (WI),21,6,49,0,2.33,-,-,v Australia,Georgetown,10 Apr 2003,1,1,0
GP Swann (ENG),14,4,51,0,3.64,-,-,v West Indies,Chester-le-Street,14 May 2009,1,1,0
J Blackwood (WI),12,1,51,0,4.25,-,-,v Bangladesh,Kingstown,5 Sep 2014,1,1,0
PA Strang (ZIM),14.2,2,52,0,3.62,-,-,v South Africa,Bulawayo,14 Sep 2001,1,1,0
Shuvagata Hom (BDESH),14,0,52,0,3.71,-,-,v India,Fatullah,10 Jun 2015,1,1,0
Naimur Rahman (BDESH),15,2,54,0,3.6,-,-,v Zimbabwe,Chittagong,15 Nov 2001,1,1,0
JP Duminy (SA),14,2,54,0,3.85,-,-,v Australia,Johannesburg,26 Feb 2009,1,1,0
Shoaib Malik (PAK),14,3,55,0,3.92,-,-,v Sri Lanka,Lahore,6 Mar 2002,1,1,0
P Utseya (ZIM),12,2,55,0,4.58,-,-,v Sri Lanka,Harare,6 May 2004,1,1,0
Shahid Afridi (PAK),11,0,55,0,5,-,-,v India,Lahore,13 Jan 2006,1,1,0
MN Samuels (WI),15,1,55,0,3.66,-,-,v New Zealand,Kingston,8 Jun 2014,1,1,0
Naimur Rahman (BDESH),18,1,56,0,3.11,-,-,v Zimbabwe,Dhaka,8 Nov 2001,1,1,0
NM Lyon (AUS),17,2,57,0,3.35,-,-,v South Africa,Hobart,12 Nov 2016,1,1,0
Harbhajan Singh (INDIA),27,7,59,0,2.18,-,-,v England,Bengaluru,19 Dec 2001,1,1,0
DM de Silva (SL),12,0,59,0,4.91,-,-,v India,Colombo (SSC),3 Aug 2017,1,1,0
Nasir Hossain (BDESH),10.5,0,60,0,5.53,-,-,v Sri Lanka,Dhaka,27 Jan 2014,1,1,0
SK Warne (AUS),19,2,61,0,3.21,-,-,v Sri Lanka,Darwin,1 Jul 2004,1,1,0
GC Smith (SA),17,2,61,0,3.58,-,-,v New Zealand,Cape Town,27 Apr 2006,1,1,0
V Sehwag (INDIA),16,1,61,0,3.81,-,-,v West Indies,Mumbai,22 Nov 2011,1,1,0
MJ North (AUS),18,0,62,0,3.44,-,-,v England,Adelaide,3 Dec 2010,1,1,0
KC Brathwaite (WI),30,5,62,0,2.06,-,-,v Australia,Kingston,11 Jun 2015,1,1,0
GP Swann (ENG),16,4,64,0,4,-,-,v Australia,Leeds,7 Aug 2009,1,1,0
NM Lyon (AUS),17,2,66,0,3.88,-,-,v India,Melbourne,26 Dec 2011,1,1,0
SPD Smith (AUS),13,0,67,0,5.15,-,-,v England,Sydney,3 Jan 2011,1,1,0
MN Samuels (WI),20,3,68,0,3.4,-,-,v India,Basseterre,22 Jun 2006,1,1,0
N Deonarine (WI),18,1,69,0,3.83,-,-,v South Africa,St John's,29 Apr 2005,1,1,0
Danish Kaneria (PAK),10,0,69,0,6.9,-,-,v India,Lahore,13 Jan 2006,1,1,0
Shoaib Malik (PAK),12,1,70,0,5.83,-,-,v India,Lahore,13 Jan 2006,1,1,0
Alok Kapali (BDESH),18.5,2,71,0,3.76,-,-,v South Africa,Chittagong,24 Apr 2003,1,1,0
SPD Smith (AUS),18,3,71,0,3.94,-,-,v England,Melbourne,26 Dec 2010,1,1,0
Mohammad Hafeez (PAK),24,2,72,0,3,-,-,v West Indies,Multan,19 Nov 2006,1,1,0
CP Schofield (ENG),18,2,73,0,4.05,-,-,v Zimbabwe,Nottingham,1 Jun 2000,1,1,0
RL Chase (WI),19,2,74,0,3.89,-,-,v Pakistan,Bridgetown,30 Apr 2017,1,1,0
PJ Wiseman (NZ),26,7,75,0,2.88,-,-,v Sri Lanka,Wellington,11 Apr 2005,1,1,0
GP Swann (ENG),12,0,76,0,6.33,-,-,v India,Nottingham,29 Jul 2011,1,1,0
Sohag Gazi (BDESH),34,8,77,0,2.26,-,-,v New Zealand,Dhaka,21 Oct 2013,1,1,0
N Chopra (INDIA),24,3,78,0,3.25,-,-,v South Africa,Bengaluru,2 Mar 2000,1,1,0
SR Tendulkar (INDIA),28,1,78,0,2.78,-,-,v Australia,Chennai,18 Mar 2001,1,1,0
Mahmudullah (BDESH),15,0,78,0,5.2,-,-,v India,Dhaka,24 Jan 2010,1,1,0
IS Sodhi (NZ),15,2,78,0,5.2,-,-,v India,Auckland,6 Feb 2014,1,1,0
DL Piedt (SA),24,4,78,0,3.25,-,-,v England,Centurion,22 Jan 2016,1,1,0
CH Gayle (WI),31,5,79,0,2.54,-,-,v Australia,Bridgetown,1 May 2003,1,1,0
Mushtaq Ahmed (PAK),18,1,80,0,4.44,-,-,v South Africa,Lahore,17 Oct 2003,1,1,0
Shoaib Malik (PAK),28,3,80,0,2.85,-,-,v Sri Lanka,Lahore,1 Mar 2009,1,1,0
CH Gayle (WI),26,1,80,0,3.07,-,-,v England,Port of Spain,6 Mar 2009,1,1,0
S Prasanna (SL),23,3,80,0,3.47,-,-,v Australia,Pallekele,8 Sep 2011,1,1,0
SK Warne (AUS),25,5,82,0,3.28,-,-,v India,Sydney,2 Jan 2000,1,1,0
S Shillingford (WI),25,2,85,0,3.4,-,-,v South Africa,Bridgetown,26 Jun 2010,1,1,0
GP Swann (ENG),26,5,85,0,3.26,-,-,v West Indies,Birmingham,7 Jun 2012,1,1,0
BAW Mendis (SL),34,9,85,0,2.5,-,-,v South Africa,Colombo (SSC),24 Jul 2014,1,1,0
J Yadav (INDIA),25,3,89,0,3.56,-,-,v England,Mumbai,8 Dec 2016,1,1,0
BGK Walker (NZ),33,2,98,0,2.96,-,-,v Zimbabwe,Wellington,26 Dec 2000,1,1,0
GP Swann (ENG),38,11,100,0,2.63,-,-,v Bangladesh,Lord's,27 May 2010,1,1,0
RL Chase (WI),34,3,102,0,3,-,-,v India,North Sound,21 Jul 2016,1,1,0
J Nyumbu (ZIM),34,3,107,0,3.14,-,-,v New Zealand,Bulawayo,6 Aug 2016,1,1,0
Fahim Muntasir (BDESH),32,6,109,0,3.4,-,-,v Pakistan,Dhaka,9 Jan 2002,1,1,0
AG Cremer (ZIM),24,1,111,0,4.62,-,-,v New Zealand,Bulawayo,15 Aug 2005,1,1,0
S Matsikenyeri (ZIM),23.3,1,112,0,4.76,-,-,v Sri Lanka,Bulawayo,14 May 2004,1,1,0
Danish Kaneria (PAK),44,7,129,0,2.93,-,-,v England,Faisalabad,20 Nov 2005,1,1,0
A Kumble (INDIA),43,6,129,0,3,-,-,v Australia,Bengaluru,9 Oct 2008,1,1,0
PJ Wiseman (NZ),54,13,131,0,2.42,-,-,v Zimbabwe,Wellington,26 Dec 2000,1,1,0
GP Swann (ENG),38,8,131,0,3.44,-,-,v Australia,Cardiff,8 Jul 2009,1,1,0
Mushtaq Ahmed (PAK),44,6,132,0,3,-,-,v England,Lahore,15 Nov 2000,1,1,0
S Shillingford (WI),31,2,134,0,4.32,-,-,v New Zealand,Bridgetown,26 Jun 2014,1,1,0
A Mishra (INDIA),53,5,140,0,2.64,-,-,v South Africa,Nagpur,6 Feb 2010,1,1,0
GP Swann (ENG),52,10,151,0,2.9,-,-,v South Africa,The Oval,19 Jul 2012,1,1,0
Danish Kaneria (PAK),47,5,183,0,3.89,-,-,v Sri Lanka,Lahore,1 Mar 2009,1,1,0
