Player,Overs,Mdns,Runs,Wkts,Econ,Ave,SR,,Opposition,Ground,Start date,
DW Fleming (AUS),26,9,71,1,2.73,71,156,,v India,Sydney,2 Jan 2000, 
B Lee (AUS),32,11,106,6,3.31,17.66,32,,v India,Sydney,2 Jan 2000, 
GD McGrath (AUS),35.5,8,103,10,2.87,10.3,21.5,,v India,Sydney,2 Jan 2000, 
AA Donald (SA),36.4,15,82,6,2.23,13.66,36.6,,v England,Cape Town,2 Jan 2000, 
JH Kallis (SA),20,4,61,2,3.05,30.5,60,,v England,Cape Town,2 Jan 2000, 
L Klusener (SA),16,5,42,2,2.62,21,48,,v England,Cape Town,2 Jan 2000, 
SM Pollock (SA),41,16,78,2,1.9,39,123,,v England,Cape Town,2 Jan 2000, 
M Hayward (SA),17.1,3,61,3,3.55,20.33,34.3,,v England,Centurion,14 Jan 2000, 
JH Kallis (SA),13,2,44,0,3.38,-,-,,v England,Centurion,14 Jan 2000, 
L Klusener (SA),14,4,38,1,2.71,38,84,,v England,Centurion,14 Jan 2000, 
SM Pollock (SA),20,7,53,3,2.65,17.66,40,,v England,Centurion,14 Jan 2000, 
J Srinath (INDIA),23,4,71,3,3.08,23.66,46,,v South Africa,Mumbai,24 Feb 2000, 
Abdul Razzaq (PAK),58.5,13,155,6,2.63,25.83,58.8,,v Sri Lanka,Rawalpindi,26 Feb 2000, 
Waqar Younis (PAK),54.5,9,181,6,3.3,30.16,54.8,,v Sri Lanka,Rawalpindi,26 Feb 2000, 
J Srinath (INDIA),30,6,53,1,1.76,53,180,,v South Africa,Bengaluru,2 Mar 2000, 
Abdul Razzaq (PAK),34,15,66,2,1.94,33,102,,v Sri Lanka,Peshawar,5 Mar 2000, 
Shoaib Akhtar (PAK),36.5,4,122,7,3.31,17.42,31.5,,v Sri Lanka,Peshawar,5 Mar 2000, 
Waqar Younis (PAK),16,3,38,3,2.37,12.66,32,,v Sri Lanka,Peshawar,5 Mar 2000, 
CL Cairns (NZ),18,0,71,2,3.94,35.5,54,,v Australia,Auckland,11 Mar 2000, 
SB Doull (NZ),14,6,21,0,1.5,-,-,,v Australia,Auckland,11 Mar 2000, 
Mohammad Akram (PAK),24.1,3,93,2,3.84,46.5,72.5,,v Sri Lanka,Karachi,12 Mar 2000, 
Shoaib Akhtar (PAK),31,5,116,4,3.74,29,46.5,,v Sri Lanka,Karachi,12 Mar 2000, 
Waqar Younis (PAK),21,6,71,4,3.38,17.75,31.5,,v Sri Lanka,Karachi,12 Mar 2000, 
CEL Ambrose (WI),36,19,50,7,1.38,7.14,30.8,,v Zimbabwe,Port of Spain,16 Mar 2000, 
RD King (WI),20,2,71,0,3.55,-,-,,v Zimbabwe,Port of Spain,16 Mar 2000, 
FA Rose (WI),32,10,60,5,1.87,12,38.4,,v Zimbabwe,Port of Spain,16 Mar 2000, 
CA Walsh (WI),42,17,67,4,1.59,16.75,63,,v Zimbabwe,Port of Spain,16 Mar 2000, 
NJ Astle (NZ),21.1,6,64,0,3.02,-,-,,v Australia,Wellington,24 Mar 2000, 
CL Cairns (NZ),39.3,4,155,4,3.92,38.75,59.2,,v Australia,Wellington,24 Mar 2000, 
SB Doull (NZ),29,5,113,1,3.89,113,174,,v Australia,Wellington,24 Mar 2000, 
CD McMillan (NZ),23,10,57,3,2.47,19,46,,v Australia,Wellington,24 Mar 2000, 
CEL Ambrose (WI),41,17,50,1,1.21,50,246,,v Zimbabwe,Kingston,24 Mar 2000, 
RD King (WI),33,9,81,7,2.45,11.57,28.2,,v Zimbabwe,Kingston,24 Mar 2000, 
FA Rose (WI),36,13,93,4,2.58,23.25,54,,v Zimbabwe,Kingston,24 Mar 2000, 
CA Walsh (WI),38.3,12,67,5,1.74,13.4,46.2,,v Zimbabwe,Kingston,24 Mar 2000, 
CL Cairns (NZ),32,8,140,3,4.37,46.66,64,,v Australia,Hamilton,31 Mar 2000, 
DR Tuffey (NZ),11,1,52,0,4.72,-,-,,v Australia,Hamilton,31 Mar 2000, 
CEL Ambrose (WI),25.3,10,43,4,1.68,10.75,38.2,,v Pakistan,Georgetown,5 May 2000, 
RD King (WI),26,7,57,2,2.19,28.5,78,,v Pakistan,Georgetown,5 May 2000, 
NAM McLean (WI),26,5,93,2,3.57,46.5,78,,v Pakistan,Georgetown,5 May 2000, 
CA Walsh (WI),28,10,46,2,1.64,23,84,,v Pakistan,Georgetown,5 May 2000, 
AR Caddick (ENG),16.2,5,38,4,2.32,9.5,24.5,,v Zimbabwe,Lord's,18 May 2000, 
D Gough (ENG),27.3,4,93,6,3.38,15.5,27.5,,v Zimbabwe,Lord's,18 May 2000, 
CEL Ambrose (WI),58,23,107,2,1.84,53.5,174,,v Pakistan,Bridgetown,18 May 2000, 
RD King (WI),46,10,138,5,3,27.6,55.2,,v Pakistan,Bridgetown,18 May 2000, 
NAM McLean (WI),39.4,7,175,3,4.41,58.33,79.3,,v Pakistan,Bridgetown,18 May 2000, 
CA Walsh (WI),49,10,124,6,2.53,20.66,49,,v Pakistan,Bridgetown,18 May 2000, 
CEL Ambrose (WI),35,9,69,5,1.97,13.8,42,,v Pakistan,St John's,25 May 2000, 
RD King (WI),39,9,96,5,2.46,19.2,46.8,,v Pakistan,St John's,25 May 2000, 
FA Rose (WI),39,6,117,3,3,39,78,,v Pakistan,St John's,25 May 2000, 
CA Walsh (WI),46,6,122,6,2.65,20.33,46,,v Pakistan,St John's,25 May 2000, 
AR Caddick (ENG),18.3,4,57,0,3.08,-,-,,v Zimbabwe,Nottingham,1 Jun 2000, 
A Flintoff (ENG),10,3,33,0,3.3,-,-,,v Zimbabwe,Nottingham,1 Jun 2000, 
ESH Giddins (ENG),16,5,46,1,2.87,46,96,,v Zimbabwe,Nottingham,1 Jun 2000, 
D Gough (ENG),20,2,66,3,3.3,22,40,,v Zimbabwe,Nottingham,1 Jun 2000, 
CRD Fernando (SL),15.5,1,53,2,3.34,26.5,47.5,,v Pakistan,Colombo (SSC),14 Jun 2000, 
AR Caddick (ENG),30,6,94,2,3.13,47,90,,v West Indies,Birmingham,15 Jun 2000, 
A Flintoff (ENG),23,8,48,1,2.08,48,138,,v West Indies,Birmingham,15 Jun 2000, 
ESH Giddins (ENG),18,4,73,0,4.05,-,-,,v West Indies,Birmingham,15 Jun 2000, 
D Gough (ENG),36.5,6,109,5,2.95,21.8,44.2,,v West Indies,Birmingham,15 Jun 2000, 
KR Pushpakumara (SL),29,6,116,1,4,116,174,,v Pakistan,Galle,21 Jun 2000, 
AR Caddick (ENG),33.3,11,74,6,2.2,12.33,33.5,,v West Indies,Lord's,29 Jun 2000, 
DG Cork (ENG),24,8,39,4,1.62,9.75,36,,v West Indies,Lord's,29 Jun 2000, 
D Gough (ENG),21,5,72,4,3.42,18,31.5,,v West Indies,Lord's,29 Jun 2000, 
MJ Hoggard (ENG),13,3,49,0,3.76,-,-,,v West Indies,Lord's,29 Jun 2000, 
AR Caddick (ENG),47,14,109,4,2.31,27.25,70.5,,v West Indies,Manchester,3 Aug 2000, 
DG Cork (ENG),45.1,17,87,5,1.92,17.4,54.2,,v West Indies,Manchester,3 Aug 2000, 
D Gough (ENG),48,8,154,3,3.2,51.33,96,,v West Indies,Manchester,3 Aug 2000, 
AR Caddick (ENG),21.2,8,49,5,2.29,9.8,25.6,,v West Indies,Leeds,17 Aug 2000, 
D Gough (ENG),27,5,89,7,3.29,12.71,23.1,,v West Indies,Leeds,17 Aug 2000, 
AR Caddick (ENG),39,14,96,5,2.46,19.2,46.8,,v West Indies,The Oval,31 Aug 2000, 
DG Cork (ENG),15,1,50,2,3.33,25,45,,v West Indies,The Oval,31 Aug 2000, 
D Gough (ENG),33,6,89,4,2.69,22.25,49.5,,v West Indies,The Oval,31 Aug 2000, 
DT Mutendera (ZIM),14,4,29,0,2.07,-,-,,v New Zealand,Bulawayo,12 Sep 2000, 
ML Nkala (ZIM),21,7,43,0,2.04,-,-,,v New Zealand,Bulawayo,12 Sep 2000, 
HH Streak (ZIM),26,9,67,2,2.57,33.5,78,,v New Zealand,Bulawayo,12 Sep 2000, 
M Mbangwa (ZIM),28,10,58,2,2.07,29,84,,v New Zealand,Harare,19 Sep 2000, 
ML Nkala (ZIM),15,0,60,1,4,60,90,,v New Zealand,Harare,19 Sep 2000, 
HK Olonga (ZIM),27,5,115,3,4.25,38.33,54,,v New Zealand,Harare,19 Sep 2000, 
HH Streak (ZIM),29,6,74,0,2.55,-,-,,v New Zealand,Harare,19 Sep 2000, 
Hasibul Hossain (BDESH),19,2,60,0,3.15,-,-,,v India,Dhaka,10 Nov 2000, 
Abdul Razzaq (PAK),22,6,55,0,2.5,-,-,,v England,Lahore,15 Nov 2000, 
AA Donald (SA),49,18,112,6,2.28,18.66,49,,v New Zealand,Bloemfontein,17 Nov 2000, 
JH Kallis (SA),36,9,118,2,3.27,59,108,,v New Zealand,Bloemfontein,17 Nov 2000, 
L Klusener (SA),10,3,25,0,2.5,-,-,,v New Zealand,Bloemfontein,17 Nov 2000, 
M Ntini (SA),45.4,16,114,7,2.49,16.28,39.1,,v New Zealand,Bloemfontein,17 Nov 2000, 
SM Pollock (SA),47,21,84,4,1.78,21,70.5,,v New Zealand,Bloemfontein,17 Nov 2000, 
AB Agarkar (INDIA),51,17,137,2,2.68,68.5,153,,v Zimbabwe,Delhi,18 Nov 2000, 
J Srinath (INDIA),59.1,15,141,9,2.38,15.66,39.4,,v Zimbabwe,Delhi,18 Nov 2000, 
AJ Bichel (AUS),24,7,46,2,1.91,23,72,,v West Indies,Brisbane,23 Nov 2000, 
B Lee (AUS),29.1,14,64,4,2.19,16,43.7,,v West Indies,Brisbane,23 Nov 2000, 
GD McGrath (AUS),33,21,27,10,0.81,2.7,19.8,,v West Indies,Brisbane,23 Nov 2000, 
AB Agarkar (INDIA),37,10,88,2,2.37,44,111,,v Zimbabwe,Nagpur,25 Nov 2000, 
J Srinath (INDIA),43.1,12,134,3,3.1,44.66,86.3,,v Zimbabwe,Nagpur,25 Nov 2000, 
Abdul Razzaq (PAK),20,0,74,3,3.7,24.66,40,,v England,Faisalabad,29 Nov 2000, 
AA Donald (SA),26.3,2,69,4,2.6,17.25,39.7,,v New Zealand,Port Elizabeth,30 Nov 2000, 
JH Kallis (SA),21,8,44,1,2.09,44,126,,v New Zealand,Port Elizabeth,30 Nov 2000, 
M Ntini (SA),38,13,83,3,2.18,27.66,76,,v New Zealand,Port Elizabeth,30 Nov 2000, 
SM Pollock (SA),47,19,108,6,2.29,18,47,,v New Zealand,Port Elizabeth,30 Nov 2000, 
JN Gillespie (AUS),24,6,72,4,3,18,36,,v West Indies,Perth,1 Dec 2000, 
B Lee (AUS),30,7,113,7,3.76,16.14,25.7,,v West Indies,Perth,1 Dec 2000, 
GD McGrath (AUS),37,9,74,4,2,18.5,55.5,,v West Indies,Perth,1 Dec 2000, 
Abdul Razzaq (PAK),28,7,64,1,2.28,64,168,,v England,Karachi,7 Dec 2000, 
Waqar Younis (PAK),36,5,88,4,2.44,22,54,,v England,Karachi,7 Dec 2000, 
JH Kallis (SA),15.5,4,26,2,1.64,13,47.5,,v New Zealand,Johannesburg,8 Dec 2000, 
L Klusener (SA),12,2,43,1,3.58,43,72,,v New Zealand,Johannesburg,8 Dec 2000, 
M Ngam (SA),19,8,34,2,1.78,17,57,,v New Zealand,Johannesburg,8 Dec 2000, 
M Ntini (SA),18,9,29,3,1.61,9.66,36,,v New Zealand,Johannesburg,8 Dec 2000, 
SM Pollock (SA),26,9,41,2,1.57,20.5,78,,v New Zealand,Johannesburg,8 Dec 2000, 
JN Gillespie (AUS),45,14,107,5,2.37,21.4,54,,v West Indies,Adelaide,15 Dec 2000, 
GD McGrath (AUS),36,14,83,0,2.3,-,-,,v West Indies,Adelaide,15 Dec 2000, 
CS Martin (NZ),32.5,11,71,5,2.16,14.2,39.4,,v Zimbabwe,Wellington,26 Dec 2000, 
AJ Bichel (AUS),13.3,2,60,5,4.44,12,16.2,,v West Indies,Melbourne,26 Dec 2000, 
JN Gillespie (AUS),35,11,88,9,2.51,9.77,23.3,,v West Indies,Melbourne,26 Dec 2000, 
GD McGrath (AUS),25,13,25,0,1,-,-,,v West Indies,Melbourne,26 Dec 2000, 
L Klusener (SA),11,5,20,1,1.81,20,66,,v Sri Lanka,Durban,26 Dec 2000, 
M Ngam (SA),25,3,93,3,3.72,31,50,,v Sri Lanka,Durban,26 Dec 2000, 
M Ntini (SA),26,9,54,2,2.07,27,78,,v Sri Lanka,Durban,26 Dec 2000, 
SM Pollock (SA),36.4,12,75,5,2.04,15,44,,v Sri Lanka,Durban,26 Dec 2000, 
JN Gillespie (AUS),37,9,101,2,2.72,50.5,111,,v West Indies,Sydney,2 Jan 2001, 
GD McGrath (AUS),43,11,123,4,2.86,30.75,64.5,,v West Indies,Sydney,2 Jan 2001, 
M Ngam (SA),13,3,26,3,2,8.66,26,,v Sri Lanka,Cape Town,2 Jan 2001, 
M Ntini (SA),11,2,52,2,4.72,26,33,,v Sri Lanka,Cape Town,2 Jan 2001, 
SM Pollock (SA),13.4,6,30,6,2.19,5,13.6,,v Sri Lanka,Cape Town,2 Jan 2001, 
JH Kallis (SA),14,1,39,2,2.78,19.5,42,,v Sri Lanka,Centurion,20 Jan 2001, 
JM Kemp (SA),13,2,33,3,2.53,11,26,,v Sri Lanka,Centurion,20 Jan 2001, 
M Ntini (SA),30.3,10,90,6,2.95,15,30.5,,v Sri Lanka,Centurion,20 Jan 2001, 
SM Pollock (SA),17,5,43,1,2.52,43,102,,v Sri Lanka,Centurion,20 Jan 2001, 
AB Agarkar (INDIA),12,1,50,2,4.16,25,36,,v Australia,Mumbai,27 Feb 2001, 
J Srinath (INDIA),16,3,60,2,3.75,30,48,,v Australia,Mumbai,27 Feb 2001, 
NJ Astle (NZ),13,6,25,0,1.92,-,-,,v Pakistan,Auckland,8 Mar 2001, 
CD McMillan (NZ),14,5,34,1,2.42,34,84,,v Pakistan,Auckland,8 Mar 2001, 
CS Martin (NZ),34,3,171,4,5.02,42.75,51,,v Pakistan,Auckland,8 Mar 2001, 
DR Tuffey (NZ),51,16,139,7,2.72,19.85,43.7,,v Pakistan,Auckland,8 Mar 2001, 
M Dillon (WI),27,5,64,3,2.37,21.33,54,,v South Africa,Georgetown,9 Mar 2001, 
NAM McLean (WI),32,3,100,3,3.12,33.33,64,,v South Africa,Georgetown,9 Mar 2001, 
CA Walsh (WI),38,10,75,2,1.97,37.5,114,,v South Africa,Georgetown,9 Mar 2001, 
SC Ganguly (INDIA),13.2,3,44,1,3.3,44,80,,v Australia,Kolkata,11 Mar 2001, 
BKV Prasad (INDIA),30,5,95,0,3.16,-,-,,v Australia,Kolkata,11 Mar 2001, 
NJ Astle (NZ),30,12,45,0,1.5,-,-,,v Pakistan,Christchurch,15 Mar 2001, 
CD McMillan (NZ),31,13,47,1,1.51,47,186,,v Pakistan,Christchurch,15 Mar 2001, 
CS Martin (NZ),41,9,153,2,3.73,76.5,123,,v Pakistan,Christchurch,15 Mar 2001, 
DR Tuffey (NZ),49,13,152,2,3.1,76,147,,v Pakistan,Christchurch,15 Mar 2001, 
M Dillon (WI),45,10,132,3,2.93,44,90,,v South Africa,Port of Spain,17 Mar 2001, 
NAM McLean (WI),34.5,3,136,3,3.9,45.33,69.6,,v South Africa,Port of Spain,17 Mar 2001, 
CA Walsh (WI),57.4,18,108,8,1.87,13.5,43.2,,v South Africa,Port of Spain,17 Mar 2001, 
CS Martin (NZ),25,5,100,6,4,16.66,25,,v Pakistan,Hamilton,27 Mar 2001, 
DR Tuffey (NZ),29.5,7,77,7,2.58,11,25.5,,v Pakistan,Hamilton,27 Mar 2001, 
CE Cuffy (WI),40,11,99,2,2.47,49.5,120,,v South Africa,Bridgetown,29 Mar 2001, 
M Dillon (WI),34,1,147,4,4.32,36.75,51,,v South Africa,Bridgetown,29 Mar 2001, 
WW Hinds (WI),10,5,13,1,1.3,13,60,,v South Africa,Bridgetown,29 Mar 2001, 
CA Walsh (WI),59,18,115,4,1.94,28.75,88.5,,v South Africa,Bridgetown,29 Mar 2001, 
M Dillon (WI),18.2,4,47,3,2.56,15.66,36.6,,v South Africa,St John's,6 Apr 2001, 
CA Walsh (WI),69,27,101,5,1.46,20.2,82.8,,v South Africa,St John's,6 Apr 2001, 
AM Blignaut (ZIM),37,9,110,8,2.97,13.75,27.7,,v Bangladesh,Bulawayo,19 Apr 2001, 
ML Nkala (ZIM),13,2,45,0,3.46,-,-,,v Bangladesh,Bulawayo,19 Apr 2001, 
HH Streak (ZIM),40,12,89,5,2.22,17.8,48,,v Bangladesh,Bulawayo,19 Apr 2001, 
BT Watambwa (ZIM),30,7,82,3,2.73,27.33,60,,v Bangladesh,Bulawayo,19 Apr 2001, 
CE Cuffy (WI),27,9,71,2,2.62,35.5,81,,v South Africa,Kingston,19 Apr 2001, 
M Dillon (WI),34.1,8,91,7,2.66,13,29.2,,v South Africa,Kingston,19 Apr 2001, 
CA Walsh (WI),40,14,93,6,2.32,15.5,40,,v South Africa,Kingston,19 Apr 2001, 
AM Blignaut (ZIM),42,12,94,0,2.23,-,-,,v Bangladesh,Harare,26 Apr 2001, 
ML Nkala (ZIM),19,11,22,0,1.15,-,-,,v Bangladesh,Harare,26 Apr 2001, 
HH Streak (ZIM),51,19,85,6,1.66,14.16,51,,v Bangladesh,Harare,26 Apr 2001, 
BT Watambwa (ZIM),36.5,8,112,6,3.04,18.66,36.8,,v Bangladesh,Harare,26 Apr 2001, 
AR Caddick (ENG),35,6,106,8,3.02,13.25,26.2,,v Pakistan,Lord's,17 May 2001, 
DG Cork (ENG),26.3,6,83,4,3.13,20.75,39.7,,v Pakistan,Lord's,17 May 2001, 
D Gough (ENG),32,9,101,8,3.15,12.62,24,,v Pakistan,Lord's,17 May 2001, 
AR Caddick (ENG),50,6,203,6,4.06,33.83,50,,v Pakistan,Manchester,31 May 2001, 
DG Cork (ENG),46,11,117,1,2.54,117,276,,v Pakistan,Manchester,31 May 2001, 
D Gough (ENG),46.3,4,179,6,3.84,29.83,46.5,,v Pakistan,Manchester,31 May 2001, 
MJ Hoggard (ENG),48,8,172,6,3.58,28.66,48,,v Pakistan,Manchester,31 May 2001, 
AM Blignaut (ZIM),28,5,93,3,3.32,31,56,,v India,Bulawayo,7 Jun 2001, 
HH Streak (ZIM),24,7,63,3,2.62,21,48,,v India,Bulawayo,7 Jun 2001, 
BT Watambwa (ZIM),40.5,10,148,3,3.62,49.33,81.6,,v India,Bulawayo,7 Jun 2001, 
AM Blignaut (ZIM),51.5,15,158,6,3.04,26.33,51.8,,v India,Harare,15 Jun 2001, 
TJ Friend (ZIM),42.2,8,95,3,2.24,31.66,84.6,,v India,Harare,15 Jun 2001, 
HH Streak (ZIM),47,16,115,7,2.44,16.42,40.2,,v India,Harare,15 Jun 2001, 
AR Caddick (ENG),36,0,163,1,4.52,163,216,,v Australia,Birmingham,5 Jul 2001, 
D Gough (ENG),33,6,152,3,4.6,50.66,66,,v Australia,Birmingham,5 Jul 2001, 
AM Blignaut (ZIM),30,6,116,0,3.86,-,-,,v West Indies,Bulawayo,19 Jul 2001, 
HH Streak (ZIM),35,8,110,2,3.14,55,105,,v West Indies,Bulawayo,19 Jul 2001, 
AR Caddick (ENG),32.1,4,101,5,3.13,20.2,38.6,,v Australia,Lord's,19 Jul 2001, 
DG Cork (ENG),23,3,84,1,3.65,84,138,,v Australia,Lord's,19 Jul 2001, 
D Gough (ENG),25,3,115,3,4.6,38.33,50,,v Australia,Lord's,19 Jul 2001, 
AM Blignaut (ZIM),16,2,92,2,5.75,46,48,,v West Indies,Harare,27 Jul 2001, 
HH Streak (ZIM),37.2,10,109,2,2.91,54.5,112,,v West Indies,Harare,27 Jul 2001, 
AR Caddick (ENG),32.2,5,141,4,4.36,35.25,48.5,,v Australia,Nottingham,2 Aug 2001, 
D Gough (ENG),15,3,63,2,4.2,31.5,45,,v Australia,Nottingham,2 Aug 2001, 
AJ Tudor (ENG),15.5,5,44,5,2.77,8.8,19,,v Australia,Nottingham,2 Aug 2001, 
CRD Fernando (SL),42,13,77,6,1.83,12.83,42,,v India,Galle,14 Aug 2001, 
ASA Perera (SL),12,0,34,0,2.83,-,-,,v India,Galle,14 Aug 2001, 
AR Caddick (ENG),40,6,188,4,4.7,47,60,,v Australia,Leeds,16 Aug 2001, 
D Gough (ENG),42.1,7,171,7,4.05,24.42,36.1,,v Australia,Leeds,16 Aug 2001, 
AJ Tudor (ENG),18,1,97,1,5.38,97,108,,v Australia,Leeds,16 Aug 2001, 
CRD Fernando (SL),30,6,130,3,4.33,43.33,60,,v India,Kandy,22 Aug 2001, 
AR Caddick (ENG),36,9,146,0,4.05,-,-,,v Australia,The Oval,23 Aug 2001, 
D Gough (ENG),29,4,113,1,3.89,113,174,,v Australia,The Oval,23 Aug 2001, 
CRD Fernando (SL),29,5,97,0,3.34,-,-,,v India,Colombo (SSC),29 Aug 2001, 
TJ Friend (ZIM),27,2,147,2,5.44,73.5,81,,v South Africa,Harare,7 Sep 2001, 
DT Hondo (ZIM),18,0,87,1,4.83,87,108,,v South Africa,Harare,7 Sep 2001, 
HH Streak (ZIM),34,4,120,0,3.52,-,-,,v South Africa,Harare,7 Sep 2001, 
GJ Whittall (ZIM),12,2,34,0,2.83,-,-,,v South Africa,Harare,7 Sep 2001, 
TJ Friend (ZIM),30.2,9,87,3,2.86,29,60.6,,v South Africa,Bulawayo,14 Sep 2001, 
HH Streak (ZIM),25,9,64,0,2.56,-,-,,v South Africa,Bulawayo,14 Sep 2001, 
GJ Whittall (ZIM),29.4,6,80,0,2.69,-,-,,v South Africa,Bulawayo,14 Sep 2001, 
M Hayward (SA),43.3,13,144,5,3.31,28.8,52.2,,v India,Bloemfontein,3 Nov 2001, 
JH Kallis (SA),37,9,143,3,3.86,47.66,74,,v India,Bloemfontein,3 Nov 2001, 
M Ntini (SA),24.4,5,110,2,4.45,55,74,,v India,Bloemfontein,3 Nov 2001, 
SM Pollock (SA),48.4,18,147,10,3.02,14.7,29.2,,v India,Bloemfontein,3 Nov 2001, 
JN Gillespie (AUS),18.4,6,56,3,3,18.66,37.3,,v New Zealand,Brisbane,8 Nov 2001, 
B Lee (AUS),33,6,120,6,3.63,20,33,,v New Zealand,Brisbane,8 Nov 2001, 
GD McGrath (AUS),46,10,146,1,3.17,146,276,,v New Zealand,Brisbane,8 Nov 2001, 
Khaled Mahmud (BDESH),15,2,59,0,3.93,-,-,,v Zimbabwe,Dhaka,8 Nov 2001, 
Mashrafe Mortaza (BDESH),32,8,106,4,3.31,26.5,48,,v Zimbabwe,Dhaka,8 Nov 2001, 
TCB Fernando (SL),18,2,80,0,4.44,-,-,,v West Indies,Galle,13 Nov 2001, 
Mashrafe Mortaza (BDESH),28,4,101,2,3.6,50.5,84,,v Zimbabwe,Chittagong,15 Nov 2001, 
Mohammad Sharif (BDESH),29,7,118,0,4.06,-,-,,v Zimbabwe,Chittagong,15 Nov 2001, 
M Hayward (SA),42,11,103,3,2.45,34.33,84,,v India,Port Elizabeth,16 Nov 2001, 
JH Kallis (SA),21.2,7,65,2,3.04,32.5,64,,v India,Port Elizabeth,16 Nov 2001, 
M Ntini (SA),26,7,74,1,2.84,74,156,,v India,Port Elizabeth,16 Nov 2001, 
SM Pollock (SA),42,14,79,6,1.88,13.16,42,,v India,Port Elizabeth,16 Nov 2001, 
JN Gillespie (AUS),28,14,45,3,1.6,15,56,,v New Zealand,Hobart,22 Nov 2001, 
B Lee (AUS),19,5,51,0,2.68,-,-,,v New Zealand,Hobart,22 Nov 2001, 
GD McGrath (AUS),27,12,46,2,1.7,23,81,,v New Zealand,Hobart,22 Nov 2001, 
JN Gillespie (AUS),57,7,167,5,2.92,33.4,68.4,,v New Zealand,Perth,30 Nov 2001, 
B Lee (AUS),48.5,8,181,8,3.7,22.62,36.6,,v New Zealand,Perth,30 Nov 2001, 
GD McGrath (AUS),44,15,135,2,3.06,67.5,132,,v New Zealand,Perth,30 Nov 2001, 
DR Martyn (AUS),10,0,44,0,4.4,-,-,,v New Zealand,Perth,30 Nov 2001, 
IR Siddiqui (INDIA),11,2,32,1,2.9,32,66,,v England,Mohali,3 Dec 2001, 
T Yohannan (INDIA),35,6,131,4,3.74,32.75,52.5,,v England,Mohali,3 Dec 2001, 
J Srinath (INDIA),29,7,105,1,3.62,105,174,,v England,Ahmedabad,11 Dec 2001, 
T Yohannan (INDIA),17,2,57,0,3.35,-,-,,v England,Ahmedabad,11 Dec 2001, 
JN Gillespie (AUS),34,11,80,2,2.35,40,102,,v South Africa,Adelaide,14 Dec 2001, 
B Lee (AUS),31,5,110,2,3.54,55,93,,v South Africa,Adelaide,14 Dec 2001, 
GD McGrath (AUS),47,18,107,6,2.27,17.83,47,,v South Africa,Adelaide,14 Dec 2001, 
SE Bond (NZ),28.1,6,75,6,2.66,12.5,28.1,,v Bangladesh,Hamilton,18 Dec 2001, 
CL Cairns (NZ),29.2,2,108,8,3.68,13.5,22,,v Bangladesh,Hamilton,18 Dec 2001, 
CS Martin (NZ),11,4,38,1,3.45,38,66,,v Bangladesh,Hamilton,18 Dec 2001, 
SC Ganguly (INDIA),13,3,39,0,3,-,-,,v England,Bengaluru,19 Dec 2001, 
J Srinath (INDIA),29,9,73,4,2.51,18.25,43.5,,v England,Bengaluru,19 Dec 2001, 
SE Bond (NZ),28,9,75,5,2.67,15,33.6,,v Bangladesh,Wellington,26 Dec 2001, 
CL Cairns (NZ),15,7,24,3,1.6,8,30,,v Bangladesh,Wellington,26 Dec 2001, 
CJ Drum (NZ),11,1,26,2,2.36,13,33,,v Bangladesh,Wellington,26 Dec 2001, 
AJ Bichel (AUS),32,6,96,4,3,24,48,,v South Africa,Melbourne,26 Dec 2001, 
B Lee (AUS),49,15,129,5,2.63,25.8,58.8,,v South Africa,Melbourne,26 Dec 2001, 
GD McGrath (AUS),47,14,113,4,2.4,28.25,70.5,,v South Africa,Melbourne,26 Dec 2001, 
TCB Fernando (SL),15,3,48,2,3.2,24,45,,v Zimbabwe,Colombo (SSC),27 Dec 2001, 
B Lee (AUS),19,5,62,2,3.26,31,57,,v South Africa,Sydney,2 Jan 2002, 
GD McGrath (AUS),45,11,130,4,2.88,32.5,67.5,,v South Africa,Sydney,2 Jan 2002, 
TCB Fernando (SL),12,2,27,4,2.25,6.75,18,,v Zimbabwe,Kandy,4 Jan 2002, 
Mohammad Sharif (BDESH),35,9,95,2,2.71,47.5,105,,v Pakistan,Dhaka,9 Jan 2002, 
TCB Fernando (SL),11,1,33,0,3,-,-,,v Zimbabwe,Galle,12 Jan 2002, 
Mohammad Sharif (BDESH),35.5,10,98,4,2.73,24.5,53.7,,v Pakistan,Chittagong,16 Jan 2002, 
J Srinath (INDIA),22,6,65,1,2.95,65,132,,v Zimbabwe,Nagpur,21 Feb 2002, 
AA Donald (SA),15.2,2,72,1,4.69,72,92,,v Australia,Johannesburg,22 Feb 2002, 
JH Kallis (SA),24,1,116,2,4.83,58,72,,v Australia,Johannesburg,22 Feb 2002, 
A Nel (SA),30.4,6,121,2,3.94,60.5,92,,v Australia,Johannesburg,22 Feb 2002, 
M Ntini (SA),33,8,124,1,3.75,124,198,,v Australia,Johannesburg,22 Feb 2002, 
J Srinath (INDIA),18,4,37,2,2.05,18.5,54,,v Zimbabwe,Delhi,28 Feb 2002, 
Abdul Razzaq (PAK),29,5,82,3,2.82,27.33,58,,v Sri Lanka,Lahore,6 Mar 2002, 
Mohammad Sami (PAK),36.5,4,120,4,3.25,30,55.2,,v Sri Lanka,Lahore,6 Mar 2002, 
Shoaib Akhtar (PAK),27,4,114,2,4.22,57,81,,v Sri Lanka,Lahore,6 Mar 2002, 
Waqar Younis (PAK),30,4,123,1,4.1,123,180,,v Sri Lanka,Lahore,6 Mar 2002, 
AJ Hall (SA),11,1,47,0,4.27,-,-,,v Australia,Cape Town,8 Mar 2002, 
JH Kallis (SA),33,3,133,4,4.03,33.25,49.5,,v Australia,Cape Town,8 Mar 2002, 
M Ntini (SA),46.5,9,183,5,3.9,36.6,56.2,,v Australia,Cape Town,8 Mar 2002, 
D Pretorius (SA),25,6,132,1,5.28,132,150,,v Australia,Cape Town,8 Mar 2002, 
NJ Astle (NZ),18,10,32,2,1.77,16,54,,v England,Christchurch,13 Mar 2002, 
IG Butler (NZ),39,4,196,5,5.02,39.2,46.8,,v England,Christchurch,13 Mar 2002, 
CL Cairns (NZ),15,4,58,3,3.86,19.33,30,,v England,Christchurch,13 Mar 2002, 
CJ Drum (NZ),52.2,14,166,5,3.17,33.2,62.8,,v England,Christchurch,13 Mar 2002, 
CD McMillan (NZ),10,0,66,0,6.6,-,-,,v England,Christchurch,13 Mar 2002, 
JH Kallis (SA),31,5,124,5,4,24.8,37.2,,v Australia,Durban,15 Mar 2002, 
M Ntini (SA),37,5,152,5,4.1,30.4,44.4,,v Australia,Durban,15 Mar 2002, 
DJ Terbrugge (SA),16,2,61,2,3.81,30.5,48,,v Australia,Durban,15 Mar 2002, 
IG Butler (NZ),18.3,2,60,4,3.24,15,27.7,,v England,Wellington,21 Mar 2002, 
CJ Drum (NZ),40,8,163,3,4.07,54.33,80,,v England,Wellington,21 Mar 2002, 
CS Martin (NZ),17,3,58,2,3.41,29,51,,v England,Wellington,21 Mar 2002, 
AR Adams (NZ),31.4,5,105,6,3.31,17.5,31.6,,v England,Auckland,30 Mar 2002, 
NJ Astle (NZ),19,6,44,1,2.31,44,114,,v England,Auckland,30 Mar 2002, 
CJ Drum (NZ),20,3,97,4,4.85,24.25,30,,v England,Auckland,30 Mar 2002, 
DR Tuffey (NZ),35,9,116,9,3.31,12.88,23.3,,v England,Auckland,30 Mar 2002, 
CE Cuffy (WI),27,6,57,3,2.11,19,54,,v India,Georgetown,11 Apr 2002, 
M Dillon (WI),32.3,5,115,1,3.53,115,195,,v India,Georgetown,11 Apr 2002, 
A Sanford (WI),25,5,81,2,3.24,40.5,75,,v India,Georgetown,11 Apr 2002, 
MI Black (WI),31.5,10,89,3,2.79,29.66,63.6,,v India,Port of Spain,19 Apr 2002, 
CE Cuffy (WI),50,18,102,5,2.04,20.4,60,,v India,Port of Spain,19 Apr 2002, 
M Dillon (WI),49.1,14,124,5,2.52,24.8,59,,v India,Port of Spain,19 Apr 2002, 
A Sanford (WI),46,10,157,5,3.41,31.4,55.2,,v India,Port of Spain,19 Apr 2002, 
Abdul Razzaq (PAK),14,2,47,2,3.35,23.5,42,,v New Zealand,Lahore,1 May 2002, 
Waqar Younis (PAK),10,6,21,1,2.1,21,60,,v New Zealand,Lahore,1 May 2002, 
CE Cuffy (WI),24,16,26,1,1.08,26,144,,v India,Bridgetown,2 May 2002, 
M Dillon (WI),42.2,9,123,8,2.9,15.37,31.7,,v India,Bridgetown,2 May 2002, 
A Sanford (WI),15,3,78,1,5.2,78,90,,v India,Bridgetown,2 May 2002, 
CE Cuffy (WI),40,7,87,3,2.17,29,80,,v India,St John's,10 May 2002, 
M Dillon (WI),51,14,116,3,2.27,38.66,102,,v India,St John's,10 May 2002, 
A Sanford (WI),32,6,113,0,3.53,-,-,,v India,St John's,10 May 2002, 
AR Caddick (ENG),38.3,6,135,0,3.5,-,-,,v Sri Lanka,Lord's,16 May 2002, 
DG Cork (ENG),35.3,11,93,3,2.61,31,71,,v Sri Lanka,Lord's,16 May 2002, 
A Flintoff (ENG),39,8,101,2,2.58,50.5,117,,v Sri Lanka,Lord's,16 May 2002, 
MJ Hoggard (ENG),39,4,160,2,4.1,80,117,,v Sri Lanka,Lord's,16 May 2002, 
CE Cuffy (WI),40,11,83,4,2.07,20.75,60,,v India,Kingston,18 May 2002, 
M Dillon (WI),46.3,10,148,6,3.18,24.66,46.5,,v India,Kingston,18 May 2002, 
A Sanford (WI),19,8,48,3,2.52,16,38,,v India,Kingston,18 May 2002, 
AR Caddick (ENG),42,8,114,6,2.71,19,42,,v Sri Lanka,Birmingham,30 May 2002, 
MJ Hoggard (ENG),40,6,147,7,3.67,21,34.2,,v Sri Lanka,Birmingham,30 May 2002, 
A Flintoff (ENG),52,12,143,2,2.75,71.5,156,,v Sri Lanka,Manchester,13 Jun 2002, 
MJ Hoggard (ENG),53,12,135,5,2.54,27,63.6,,v Sri Lanka,Manchester,13 Jun 2002, 
AJ Tudor (ENG),46,14,109,7,2.36,15.57,39.4,,v Sri Lanka,Manchester,13 Jun 2002, 
M Dillon (WI),28,6,73,2,2.6,36.5,84,,v New Zealand,Bridgetown,21 Jun 2002, 
DBL Powell (WI),41,10,102,3,2.48,34,82,,v New Zealand,Bridgetown,21 Jun 2002, 
A Sanford (WI),45.4,12,169,4,3.7,42.25,68.5,,v New Zealand,Bridgetown,21 Jun 2002, 
CE Cuffy (WI),45,15,96,2,2.13,48,135,,v New Zealand,St George's,28 Jun 2002, 
A Sanford (WI),36.5,7,101,1,2.74,101,221,,v New Zealand,St George's,28 Jun 2002, 
CRD Fernando (SL),21,7,64,3,3.04,21.33,42,,v Bangladesh,Colombo (PSS),21 Jul 2002, 
TCB Fernando (SL),10,3,38,2,3.8,19,30,,v Bangladesh,Colombo (PSS),21 Jul 2002, 
A Flintoff (ENG),36,11,109,2,3.02,54.5,108,,v India,Lord's,25 Jul 2002, 
MJ Hoggard (ENG),40.5,11,120,7,2.93,17.14,35,,v India,Lord's,25 Jul 2002, 
SP Jones (ENG),38,3,129,4,3.39,32.25,57,,v India,Lord's,25 Jul 2002, 
TCB Fernando (SL),15,3,36,2,2.4,18,45,,v Bangladesh,Colombo (SSC),28 Jul 2002, 
MKGCP Lakshitha (SL),24,7,81,3,3.37,27,48,,v Bangladesh,Colombo (SSC),28 Jul 2002, 
DG Cork (ENG),23,4,99,3,4.3,33,46,,v India,Nottingham,8 Aug 2002, 
A Flintoff (ENG),49,8,180,2,3.67,90,147,,v India,Nottingham,8 Aug 2002, 
SJ Harmison (ENG),49,12,120,5,2.44,24,58.8,,v India,Nottingham,8 Aug 2002, 
MJ Hoggard (ENG),58.1,10,214,5,3.67,42.8,69.8,,v India,Nottingham,8 Aug 2002, 
AR Caddick (ENG),40.1,5,150,3,3.73,50,80.3,,v India,Leeds,22 Aug 2002, 
A Flintoff (ENG),27,6,68,1,2.51,68,162,,v India,Leeds,22 Aug 2002, 
MJ Hoggard (ENG),36,12,102,1,2.83,102,216,,v India,Leeds,22 Aug 2002, 
AJ Tudor (ENG),36,10,146,2,4.05,73,108,,v India,Leeds,22 Aug 2002, 
AR Caddick (ENG),43,11,114,4,2.65,28.5,64.5,,v India,The Oval,5 Sep 2002, 
DG Cork (ENG),22,5,67,1,3.04,67,132,,v India,The Oval,5 Sep 2002, 
MJ Hoggard (ENG),25,2,97,1,3.88,97,150,,v India,The Oval,5 Sep 2002, 
AJ Tudor (ENG),19,2,80,0,4.21,-,-,,v India,The Oval,5 Sep 2002, 
J Srinath (INDIA),11,5,16,1,1.45,16,66,,v West Indies,Mumbai,9 Oct 2002, 
J Srinath (INDIA),10,5,14,1,1.4,14,60,,v West Indies,Chennai,17 Oct 2002, 
M Hayward (SA),31,5,115,4,3.7,28.75,46.5,,v Bangladesh,East London,18 Oct 2002, 
JH Kallis (SA),10,3,22,0,2.2,-,-,,v Bangladesh,East London,18 Oct 2002, 
M Ntini (SA),33.5,15,74,7,2.18,10.57,29,,v Bangladesh,East London,18 Oct 2002, 
DJ Terbrugge (SA),26.4,4,89,7,3.33,12.71,22.8,,v Bangladesh,East London,18 Oct 2002, 
M Hayward (SA),14,3,64,2,4.57,32,42,,v Bangladesh,Potchefstroom,25 Oct 2002, 
JH Kallis (SA),13,4,26,2,2,13,39,,v Bangladesh,Potchefstroom,25 Oct 2002, 
M Ntini (SA),33,5,106,5,3.21,21.2,39.6,,v Bangladesh,Potchefstroom,25 Oct 2002, 
SM Pollock (SA),16,6,38,2,2.37,19,48,,v Bangladesh,Potchefstroom,25 Oct 2002, 
J Srinath (INDIA),19,3,62,0,3.26,-,-,,v West Indies,Kolkata,30 Oct 2002, 
AJ Bichel (AUS),23,4,74,2,3.21,37,69,,v England,Brisbane,7 Nov 2002, 
JN Gillespie (AUS),18,4,51,2,2.83,25.5,54,,v England,Brisbane,7 Nov 2002, 
GD McGrath (AUS),42,12,123,8,2.92,15.37,31.5,,v England,Brisbane,7 Nov 2002, 
S Elworthy (SA),25.3,6,81,3,3.17,27,51,,v Sri Lanka,Johannesburg,8 Nov 2002, 
AJ Hall (SA),11,6,19,2,1.72,9.5,33,,v Sri Lanka,Johannesburg,8 Nov 2002, 
JH Kallis (SA),28,11,75,3,2.67,25,56,,v Sri Lanka,Johannesburg,8 Nov 2002, 
M Ntini (SA),24,9,67,4,2.79,16.75,36,,v Sri Lanka,Johannesburg,8 Nov 2002, 
SM Pollock (SA),18,8,45,2,2.5,22.5,54,,v Sri Lanka,Johannesburg,8 Nov 2002, 
AM Blignaut (ZIM),41,5,160,8,3.9,20,30.7,,v Pakistan,Harare,9 Nov 2002, 
NB Mahwire (ZIM),28.5,6,118,1,4.09,118,173,,v Pakistan,Harare,9 Nov 2002, 
HK Olonga (ZIM),33.5,3,139,6,4.1,23.16,33.8,,v Pakistan,Harare,9 Nov 2002, 
GJ Whittall (ZIM),36,15,106,1,2.94,106,216,,v Pakistan,Harare,9 Nov 2002, 
S Elworthy (SA),33,5,125,1,3.78,125,198,,v Sri Lanka,Centurion,15 Nov 2002, 
AJ Hall (SA),14,3,34,1,2.42,34,84,,v Sri Lanka,Centurion,15 Nov 2002, 
JH Kallis (SA),30.1,7,110,7,3.64,15.71,25.8,,v Sri Lanka,Centurion,15 Nov 2002, 
M Ntini (SA),51,11,138,8,2.7,17.25,38.2,,v Sri Lanka,Centurion,15 Nov 2002, 
SM Pollock (SA),46,18,96,3,2.08,32,92,,v Sri Lanka,Centurion,15 Nov 2002, 
AM Blignaut (ZIM),22.4,5,75,2,3.3,37.5,68,,v Pakistan,Bulawayo,16 Nov 2002, 
ML Nkala (ZIM),25,5,93,1,3.72,93,150,,v Pakistan,Bulawayo,16 Nov 2002, 
HK Olonga (ZIM),20,4,69,3,3.45,23,40,,v Pakistan,Bulawayo,16 Nov 2002, 
AJ Bichel (AUS),20,2,78,1,3.9,78,120,,v England,Adelaide,21 Nov 2002, 
JN Gillespie (AUS),38.5,9,122,5,3.14,24.4,46.6,,v England,Adelaide,21 Nov 2002, 
GD McGrath (AUS),47.2,17,118,5,2.49,23.6,56.8,,v England,Adelaide,21 Nov 2002, 
JN Gillespie (AUS),32.2,12,78,3,2.41,26,64.6,,v England,Perth,29 Nov 2002, 
B Lee (AUS),38.1,4,150,5,3.93,30,45.8,,v England,Perth,29 Nov 2002, 
GD McGrath (AUS),38,14,54,4,1.42,13.5,57,,v England,Perth,29 Nov 2002, 
Talha Jubair (BDESH),31,3,135,3,4.35,45,62,,v West Indies,Dhaka,8 Dec 2002, 
Tapash Baisya (BDESH),34,3,117,2,3.44,58.5,102,,v West Indies,Dhaka,8 Dec 2002, 
SE Bond (NZ),31.5,9,99,7,3.1,14.14,27.2,,v India,Wellington,12 Dec 2002, 
JDP Oram (NZ),27,7,67,5,2.48,13.4,32.4,,v India,Wellington,12 Dec 2002, 
DR Tuffey (NZ),16,7,25,2,1.56,12.5,48,,v India,Wellington,12 Dec 2002, 
Talha Jubair (BDESH),20,5,58,2,2.9,29,60,,v West Indies,Chittagong,16 Dec 2002, 
Tapash Baisya (BDESH),21.3,2,72,4,3.34,18,32.2,,v West Indies,Chittagong,16 Dec 2002, 
SE Bond (NZ),24.2,7,97,5,3.98,19.4,29.2,,v India,Hamilton,19 Dec 2002, 
JDP Oram (NZ),22.5,3,63,6,2.75,10.5,22.8,,v India,Hamilton,19 Dec 2002, 
DR Tuffey (NZ),16,3,41,4,2.56,10.25,24,,v India,Hamilton,19 Dec 2002, 
JN Gillespie (AUS),41.1,13,96,7,2.33,13.71,35.2,,v England,Melbourne,26 Dec 2002, 
B Lee (AUS),44,8,157,3,3.56,52.33,88,,v England,Melbourne,26 Dec 2002, 
GD McGrath (AUS),35,10,85,2,2.42,42.5,105,,v England,Melbourne,26 Dec 2002, 
M Hayward (SA),23.4,2,119,7,5.02,17,20.2,,v Pakistan,Durban,26 Dec 2002, 
JH Kallis (SA),17,5,30,2,1.76,15,51,,v Pakistan,Durban,26 Dec 2002, 
M Ntini (SA),39,6,132,5,3.38,26.4,46.8,,v Pakistan,Durban,26 Dec 2002, 
SM Pollock (SA),31.3,9,52,3,1.65,17.33,63,,v Pakistan,Durban,26 Dec 2002, 
AJ Bichel (AUS),46.3,8,168,5,3.61,33.6,55.8,,v England,Sydney,2 Jan 2003, 
JN Gillespie (AUS),45.3,14,132,2,2.9,66,136.5,,v England,Sydney,2 Jan 2003, 
B Lee (AUS),62.3,14,229,5,3.66,45.8,75,,v England,Sydney,2 Jan 2003, 
M Hayward (SA),26,5,100,3,3.84,33.33,52,,v Pakistan,Cape Town,2 Jan 2003, 
JH Kallis (SA),12,2,35,0,2.91,-,-,,v Pakistan,Cape Town,2 Jan 2003, 
M Ntini (SA),35.5,9,95,8,2.65,11.87,26.8,,v Pakistan,Cape Town,2 Jan 2003, 
SM Pollock (SA),35,11,77,5,2.2,15.4,42,,v Pakistan,Cape Town,2 Jan 2003, 
M Dillon (WI),23,1,116,1,5.04,116,138,,v Australia,Georgetown,10 Apr 2003, 
VC Drakes (WI),26.1,5,93,5,3.55,18.6,31.4,,v Australia,Georgetown,10 Apr 2003, 
JJC Lawson (WI),21,0,111,2,5.28,55.5,63,,v Australia,Georgetown,10 Apr 2003, 
DE Bernard (WI),11,1,61,0,5.54,-,-,,v Australia,Port of Spain,19 Apr 2003, 
M Dillon (WI),47.1,1,188,4,3.98,47,70.7,,v Australia,Port of Spain,19 Apr 2003,
VC Drakes (WI),53,7,173,2,3.26,86.5,159,,v Australia,Port of Spain,19 Apr 2003, 
Khaled Mahmud (BDESH),17,5,56,0,3.29,-,-,,v South Africa,Chittagong,24 Apr 2003, 
Mashrafe Mortaza (BDESH),24,3,108,1,4.5,108,144,,v South Africa,Chittagong,24 Apr 2003, 
Tapash Baisya (BDESH),23,8,70,1,3.04,70,138,,v South Africa,Chittagong,24 Apr 2003, 
RAP Nissanka (SL),23,9,53,1,2.3,53,138,,v New Zealand,Colombo (PSS),25 Apr 2003, 
Khaled Mahmud (BDESH),14,6,36,0,2.57,-,-,,v South Africa,Dhaka,1 May 2003, 
Mashrafe Mortaza (BDESH),20,3,53,1,2.65,53,120,,v South Africa,Dhaka,1 May 2003, 
Tapash Baisya (BDESH),19,5,67,1,3.52,67,114,,v South Africa,Dhaka,1 May 2003, 
TL Best (WI),20,1,99,0,4.95,-,-,,v Australia,Bridgetown,1 May 2003, 
VC Drakes (WI),30,2,85,2,2.83,42.5,90,,v Australia,Bridgetown,1 May 2003, 
JJC Lawson (WI),32.3,2,131,3,4.03,43.66,65,,v Australia,Bridgetown,1 May 2003, 
RAP Nissanka (SL),26.5,9,59,3,2.19,19.66,53.6,,v New Zealand,Kandy,3 May 2003, 
M Dillon (WI),47,5,165,6,3.51,27.5,47,,v Australia,St John's,9 May 2003, 
VC Drakes (WI),34,3,134,2,3.94,67,102,,v Australia,St John's,9 May 2003, 
JJC Lawson (WI),19.1,3,78,7,4.06,11.14,16.4,,v Australia,St John's,9 May 2003, 
JM Anderson (ENG),31,8,138,5,4.45,27.6,37.2,,v Zimbabwe,Lord's,22 May 2003, 
MA Butcher (ENG),12.5,0,60,4,4.67,15,19.2,,v Zimbabwe,Lord's,22 May 2003, 
SJ Harmison (ENG),28,9,71,3,2.53,23.66,56,,v Zimbabwe,Lord's,22 May 2003, 
MJ Hoggard (ENG),33,13,59,3,1.78,19.66,66,,v Zimbabwe,Lord's,22 May 2003, 
JM Anderson (ENG),33,10,85,6,2.57,14.16,33,,v Zimbabwe,Chester-le-Street,5 Jun 2003, 
SJ Harmison (ENG),21.4,4,55,4,2.53,13.75,32.5,,v Zimbabwe,Chester-le-Street,5 Jun 2003, 
RL Johnson (ENG),34,11,100,6,2.94,16.66,34,,v Zimbabwe,Chester-le-Street,5 Jun 2003, 
CD Collymore (WI),29,5,66,5,2.27,13.2,34.8,,v Sri Lanka,Gros Islet,20 Jun 2003, 
M Dillon (WI),29,7,48,0,1.65,-,-,,v Sri Lanka,Gros Islet,20 Jun 2003, 
WW Hinds (WI),11,4,28,2,2.54,14,33,,v Sri Lanka,Gros Islet,20 Jun 2003, 
JE Taylor (WI),27,3,97,0,3.59,-,-,,v Sri Lanka,Gros Islet,20 Jun 2003, 
CD Collymore (WI),31,8,85,9,2.74,9.44,20.6,,v Sri Lanka,Kingston,27 Jun 2003, 
VC Drakes (WI),29,6,83,1,2.86,83,174,,v Sri Lanka,Kingston,27 Jun 2003, 
FH Edwards (WI),30.4,3,90,6,2.93,15,30.6,,v Sri Lanka,Kingston,27 Jun 2003, 
JE Taylor (WI),21,2,78,2,3.71,39,63,,v Sri Lanka,Kingston,27 Jun 2003, 
JN Gillespie (AUS),16,3,48,2,3,24,48,,v Bangladesh,Darwin,18 Jul 2003, 
B Lee (AUS),12,5,34,1,2.83,34,72,,v Bangladesh,Darwin,18 Jul 2003, 
GD McGrath (AUS),23,6,45,4,1.95,11.25,34.5,,v Bangladesh,Darwin,18 Jul 2003, 
JM Anderson (ENG),26,3,129,1,4.96,129,156,,v South Africa,Birmingham,24 Jul 2003, 
A Flintoff (ENG),25,6,97,0,3.88,-,-,,v South Africa,Birmingham,24 Jul 2003, 
D Gough (ENG),25,6,88,1,3.52,88,150,,v South Africa,Birmingham,24 Jul 2003, 
SJ Harmison (ENG),27,2,104,1,3.85,104,162,,v South Africa,Birmingham,24 Jul 2003, 
JN Gillespie (AUS),37.4,10,95,7,2.52,13.57,32.2,,v Bangladesh,Cairns,25 Jul 2003, 
B Lee (AUS),29,3,133,2,4.58,66.5,87,,v Bangladesh,Cairns,25 Jul 2003, 
GD McGrath (AUS),32.1,11,79,1,2.45,79,193,,v Bangladesh,Cairns,25 Jul 2003, 
JM Anderson (ENG),27,6,90,2,3.33,45,81,,v South Africa,Lord's,31 Jul 2003, 
A Flintoff (ENG),40,10,115,1,2.87,115,240,,v South Africa,Lord's,31 Jul 2003, 
D Gough (ENG),28,3,127,0,4.53,-,-,,v South Africa,Lord's,31 Jul 2003, 
SJ Harmison (ENG),22,3,103,1,4.68,103,132,,v South Africa,Lord's,31 Jul 2003, 
A McGrath (ENG),11,0,40,1,3.63,40,66,,v South Africa,Lord's,31 Jul 2003, 
JM Anderson (ENG),39.5,8,119,7,2.98,17,34.1,,v South Africa,Nottingham,14 Aug 2003, 
A Flintoff (ENG),50,12,145,3,2.9,48.33,100,,v South Africa,Nottingham,14 Aug 2003, 
SJ Harmison (ENG),28,5,66,2,2.35,33,84,,v South Africa,Nottingham,14 Aug 2003, 
RJ Kirtley (ENG),47.2,15,114,8,2.4,14.25,35.5,,v South Africa,Nottingham,14 Aug 2003, 
Shabbir Ahmed (PAK),38.4,5,109,8,2.81,13.62,29,,v Bangladesh,Karachi,20 Aug 2003, 
Shoaib Akhtar (PAK),43,12,115,3,2.67,38.33,86,,v Bangladesh,Karachi,20 Aug 2003, 
Umar Gul (PAK),39,8,148,2,3.79,74,117,,v Bangladesh,Karachi,20 Aug 2003, 
Kabir Ali (ENG),36,5,136,5,3.77,27.2,43.2,,v South Africa,Leeds,21 Aug 2003, 
JM Anderson (ENG),34,11,119,2,3.5,59.5,102,,v South Africa,Leeds,21 Aug 2003, 
MP Bicknell (ENG),49,14,125,4,2.55,31.25,73.5,,v South Africa,Leeds,21 Aug 2003, 
A Flintoff (ENG),40,10,118,4,2.95,29.5,60,,v South Africa,Leeds,21 Aug 2003, 
RJ Kirtley (ENG),51.3,17,145,5,2.81,29,61.8,,v South Africa,Leeds,21 Aug 2003, 
Shabbir Ahmed (PAK),25,7,73,1,2.92,73,150,,v Bangladesh,Peshawar,27 Aug 2003, 
Shoaib Akhtar (PAK),34.5,6,80,10,2.29,8,20.9,,v Bangladesh,Peshawar,27 Aug 2003, 
Umar Gul (PAK),27,3,67,2,2.48,33.5,81,,v Bangladesh,Peshawar,27 Aug 2003, 
Shabbir Ahmed (PAK),48.2,9,138,7,2.85,19.71,41.4,,v Bangladesh,Multan,3 Sep 2003, 
Umar Gul (PAK),47,9,144,8,3.06,18,35.2,,v Bangladesh,Multan,3 Sep 2003, 
Yasir Ali (PAK),14,4,43,1,3.07,43,84,,v Bangladesh,Multan,3 Sep 2003, 
JM Anderson (ENG),35,7,141,3,4.02,47,70,,v South Africa,The Oval,4 Sep 2003, 
MP Bicknell (ENG),44,8,155,6,3.52,25.83,44,,v South Africa,The Oval,4 Sep 2003, 
A Flintoff (ENG),19,4,88,1,4.63,88,114,,v South Africa,The Oval,4 Sep 2003, 
SJ Harmison (ENG),46.2,16,106,4,2.28,26.5,69.5,,v South Africa,The Oval,4 Sep 2003, 
L Balaji (INDIA),37,11,105,1,2.83,105,222,,v New Zealand,Ahmedabad,8 Oct 2003, 
AJ Bichel (AUS),49.2,17,125,6,2.53,20.83,49.3,,v Zimbabwe,Perth,9 Oct 2003, 
JN Gillespie (AUS),25.3,9,52,3,2.03,17.33,51,,v Zimbabwe,Perth,9 Oct 2003, 
B Lee (AUS),50,12,144,4,2.88,36,75,,v Zimbabwe,Perth,9 Oct 2003, 
DR Martyn (AUS),13,5,34,0,2.61,-,-,,v Zimbabwe,Perth,9 Oct 2003, 
L Balaji (INDIA),30,10,78,0,2.6,-,-,,v New Zealand,Mohali,16 Oct 2003, 
AJ Bichel (AUS),43.2,12,130,4,3,32.5,65,,v Zimbabwe,Sydney,17 Oct 2003, 
B Lee (AUS),23,5,78,2,3.39,39,69,,v Zimbabwe,Sydney,17 Oct 2003, 
BA Williams (AUS),39,14,114,4,2.92,28.5,58.5,,v Zimbabwe,Sydney,17 Oct 2003, 
Mohammad Sami (PAK),32.3,2,143,1,4.4,143,195,,v South Africa,Lahore,17 Oct 2003, 
Shoaib Akhtar (PAK),28.3,3,98,6,3.43,16.33,28.5,,v South Africa,Lahore,17 Oct 2003, 
Khaled Mahmud (BDESH),17,7,45,0,2.64,-,-,,v England,Dhaka,21 Oct 2003, 
Mashrafe Mortaza (BDESH),34,8,87,4,2.55,21.75,51,,v England,Dhaka,21 Oct 2003, 
Mushfiqur Rahman (BDESH),17,6,55,2,3.23,27.5,51,,v England,Dhaka,21 Oct 2003, 
Abdul Razzaq (PAK),40,7,138,5,3.45,27.6,48,,v South Africa,Faisalabad,24 Oct 2003, 
Shabbir Ahmed (PAK),60.3,18,144,6,2.38,24,60.5,,v South Africa,Faisalabad,24 Oct 2003, 
Khaled Mahmud (BDESH),37,11,110,1,2.97,110,222,,v England,Chittagong,29 Oct 2003, 
Mashrafe Mortaza (BDESH),28,11,60,4,2.14,15,42,,v England,Chittagong,29 Oct 2003, 
Mushfiqur Rahman (BDESH),18.3,6,50,2,2.7,25,55.5,,v England,Chittagong,29 Oct 2003, 
AM Blignaut (ZIM),28,5,118,2,4.21,59,84,,v West Indies,Harare,4 Nov 2003, 
NB Mahwire (ZIM),25,7,75,2,3,37.5,75,,v West Indies,Harare,4 Nov 2003, 
HH Streak (ZIM),43,16,102,4,2.37,25.5,64.5,,v West Indies,Harare,4 Nov 2003, 
AM Blignaut (ZIM),34.4,10,115,7,3.31,16.42,29.7,,v West Indies,Bulawayo,12 Nov 2003, 
NB Mahwire (ZIM),15,3,79,0,5.26,-,-,,v West Indies,Bulawayo,12 Nov 2003, 
HH Streak (ZIM),39,6,126,4,3.23,31.5,58.5,,v West Indies,Bulawayo,12 Nov 2003, 
AJ Bichel (AUS),28,6,130,1,4.64,130,168,,v India,Brisbane,4 Dec 2003, 
JN Gillespie (AUS),31,12,65,4,2.09,16.25,46.5,,v India,Brisbane,4 Dec 2003, 
AJ Bichel (AUS),39.4,4,153,5,3.85,30.6,47.6,,v India,Adelaide,12 Dec 2003, 
JN Gillespie (AUS),51.1,15,128,2,2.5,64,153.5,,v India,Adelaide,12 Dec 2003, 
BA Williams (AUS),37,13,106,0,2.86,-,-,,v India,Adelaide,12 Dec 2003, 
JH Kallis (SA),22,6,53,1,2.4,53,132,,v West Indies,Johannesburg,12 Dec 2003, 
A Nel (SA),45.5,14,127,5,2.77,25.4,55,,v West Indies,Johannesburg,12 Dec 2003, 
M Ntini (SA),46,13,147,9,3.19,16.33,30.6,,v West Indies,Johannesburg,12 Dec 2003, 
SM Pollock (SA),47,13,96,5,2.04,19.2,56.4,,v West Indies,Johannesburg,12 Dec 2003, 
CRD Fernando (SL),24,7,82,4,3.41,20.5,36,,v England,Colombo (SSC),18 Dec 2003, 
IG Butler (NZ),23.4,6,113,2,4.77,56.5,71,,v Pakistan,Hamilton,19 Dec 2003, 
CL Cairns (NZ),17,0,60,0,3.52,-,-,,v Pakistan,Hamilton,19 Dec 2003, 
JDP Oram (NZ),23,7,55,2,2.39,27.5,69,,v Pakistan,Hamilton,19 Dec 2003, 
SB Styris (NZ),12,4,27,0,2.25,-,-,,v Pakistan,Hamilton,19 Dec 2003, 
DR Tuffey (NZ),33,8,87,5,2.63,17.4,39.6,,v Pakistan,Hamilton,19 Dec 2003, 
IG Butler (NZ),38.5,7,146,7,3.75,20.85,33.2,,v Pakistan,Wellington,26 Dec 2003, 
JDP Oram (NZ),22,5,49,2,2.22,24.5,66,,v Pakistan,Wellington,26 Dec 2003, 
DR Tuffey (NZ),38,14,87,1,2.28,87,228,,v Pakistan,Wellington,26 Dec 2003, 
B Lee (AUS),49,10,200,4,4.08,50,73.5,,v India,Melbourne,26 Dec 2003, 
BA Williams (AUS),42,11,119,5,2.83,23.8,50.4,,v India,Melbourne,26 Dec 2003, 
AJ Hall (SA),23,5,71,1,3.08,71,138,,v West Indies,Durban,26 Dec 2003, 
JH Kallis (SA),11,3,20,1,1.81,20,66,,v West Indies,Durban,26 Dec 2003, 
A Nel (SA),31,7,111,6,3.58,18.5,31,,v West Indies,Durban,26 Dec 2003, 
M Ntini (SA),51.5,16,138,8,2.66,17.25,38.8,,v West Indies,Durban,26 Dec 2003, 
SM Pollock (SA),45,12,101,3,2.24,33.66,90,,v West Indies,Durban,26 Dec 2003, 
JN Gillespie (AUS),45,11,135,3,3,45,90,,v India,Sydney,2 Jan 2004, 
B Lee (AUS),51.5,7,276,4,5.32,69,77.7,,v India,Sydney,2 Jan 2004, 
JH Kallis (SA),37,11,102,1,2.75,102,222,,v West Indies,Cape Town,2 Jan 2004, 
A Nel (SA),49.1,13,144,6,2.92,24,49.1,,v West Indies,Cape Town,2 Jan 2004, 
M Ntini (SA),41,5,187,4,4.56,46.75,61.5,,v West Indies,Cape Town,2 Jan 2004, 
SM Pollock (SA),41,9,152,3,3.7,50.66,82,,v West Indies,Cape Town,2 Jan 2004, 
AJ Hall (SA),11,0,65,0,5.9,-,-,,v West Indies,Centurion,16 Jan 2004, 
JH Kallis (SA),28,8,95,2,3.39,47.5,84,,v West Indies,Centurion,16 Jan 2004, 
A Nel (SA),33.4,8,128,5,3.8,25.6,40.4,,v West Indies,Centurion,16 Jan 2004, 
M Ntini (SA),48,11,148,8,3.08,18.5,36,,v West Indies,Centurion,16 Jan 2004, 
SM Pollock (SA),48.2,16,115,5,2.37,23,58,,v West Indies,Centurion,16 Jan 2004, 
AM Blignaut (ZIM),22.4,6,73,2,3.22,36.5,68,,v Bangladesh,Harare,19 Feb 2004, 
DT Hondo (ZIM),31.4,8,73,5,2.3,14.6,38,,v Bangladesh,Harare,19 Feb 2004, 
HH Streak (ZIM),26.2,11,44,4,1.67,11,39.5,,v Bangladesh,Harare,19 Feb 2004, 
DT Hondo (ZIM),18,5,25,2,1.38,12.5,54,,v Bangladesh,Bulawayo,26 Feb 2004, 
NB Mahwire (ZIM),10,2,36,0,3.6,-,-,,v Bangladesh,Bulawayo,26 Feb 2004, 
HH Streak (ZIM),15,9,19,1,1.26,19,90,,v Bangladesh,Bulawayo,26 Feb 2004, 
CL Cairns (NZ),33,5,100,1,3.03,100,198,,v South Africa,Hamilton,10 Mar 2004, 
JDP Oram (NZ),42,11,105,2,2.5,52.5,126,,v South Africa,Hamilton,10 Mar 2004, 
SB Styris (NZ),29,8,75,2,2.58,37.5,87,,v South Africa,Hamilton,10 Mar 2004, 
DR Tuffey (NZ),41,14,90,1,2.19,90,246,,v South Africa,Hamilton,10 Mar 2004, 
TL Best (WI),19,1,57,3,3,19,38,,v England,Kingston,11 Mar 2004, 
CD Collymore (WI),26,7,55,0,2.11,-,-,,v England,Kingston,11 Mar 2004, 
FH Edwards (WI),19.3,3,72,3,3.69,24,39,,v England,Kingston,11 Mar 2004, 
A Sanford (WI),22,1,90,1,4.09,90,132,,v England,Kingston,11 Mar 2004, 
CL Cairns (NZ),34.3,7,117,4,3.39,29.25,51.7,,v South Africa,Auckland,18 Mar 2004, 
CS Martin (NZ),54,12,180,11,3.33,16.36,29.4,,v South Africa,Auckland,18 Mar 2004, 
JDP Oram (NZ),55.3,19,107,3,1.92,35.66,111,,v South Africa,Auckland,18 Mar 2004, 
SB Styris (NZ),27,10,76,0,2.81,-,-,,v South Africa,Auckland,18 Mar 2004, 
DR Tuffey (NZ),24,7,41,1,1.7,41,144,,v South Africa,Auckland,18 Mar 2004, 
TL Best (WI),28,5,71,3,2.53,23.66,56,,v England,Port of Spain,19 Mar 2004, 
CD Collymore (WI),24,7,39,0,1.62,-,-,,v England,Port of Spain,19 Mar 2004, 
A Sanford (WI),26,6,60,0,2.3,-,-,,v England,Port of Spain,19 Mar 2004, 
CL Cairns (NZ),26.5,4,79,4,2.94,19.75,40.2,,v South Africa,Wellington,26 Mar 2004, 
CS Martin (NZ),38.2,8,120,7,3.13,17.14,32.8,,v South Africa,Wellington,26 Mar 2004, 
MJ Mason (NZ),16,4,73,0,4.56,-,-,,v South Africa,Wellington,26 Mar 2004, 
JDP Oram (NZ),22,6,44,2,2,22,66,,v South Africa,Wellington,26 Mar 2004, 
SB Styris (NZ),10,4,30,0,3,-,-,,v South Africa,Wellington,26 Mar 2004, 
Abdul Razzaq (PAK),15,3,61,0,4.06,-,-,,v India,Multan,28 Mar 2004, 
Mohammad Sami (PAK),34,4,110,2,3.23,55,102,,v India,Multan,28 Mar 2004, 
Shabbir Ahmed (PAK),31,6,122,0,3.93,-,-,,v India,Multan,28 Mar 2004, 
Shoaib Akhtar (PAK),32,4,119,0,3.71,-,-,,v India,Multan,28 Mar 2004, 
TL Best (WI),14,4,26,2,1.85,13,42,,v England,Bridgetown,1 Apr 2004, 
CD Collymore (WI),16,3,26,1,1.62,26,96,,v England,Bridgetown,1 Apr 2004, 
FH Edwards (WI),20,4,70,4,3.5,17.5,30,,v England,Bridgetown,1 Apr 2004, 
Mohammad Sami (PAK),49,7,209,4,4.26,52.25,73.5,,v India,Lahore,5 Apr 2004, 
Shoaib Akhtar (PAK),33,5,131,4,3.96,32.75,49.5,,v India,Lahore,5 Apr 2004, 
Umar Gul (PAK),25,3,96,6,3.84,16,25,,v India,Lahore,5 Apr 2004, 
TL Best (WI),26.3,4,94,3,3.54,31.33,53,,v England,St John's,10 Apr 2004, 
CD Collymore (WI),37,8,103,0,2.78,-,-,,v England,St John's,10 Apr 2004, 
FH Edwards (WI),38,5,151,3,3.97,50.33,76,,v England,St John's,10 Apr 2004, 
Fazl-e-Akbar (PAK),40.4,3,162,1,3.98,162,244,,v India,Rawalpindi,13 Apr 2004, 
Mohammad Sami (PAK),40,11,116,1,2.9,116,240,,v India,Rawalpindi,13 Apr 2004, 
Shoaib Akhtar (PAK),21.2,7,47,3,2.2,15.66,42.6,,v India,Rawalpindi,13 Apr 2004, 
E Chigumbura (ZIM),12,2,44,1,3.66,44,72,,v Sri Lanka,Harare,6 May 2004, 
DT Hondo (ZIM),27,6,103,1,3.81,103,162,,v Sri Lanka,Harare,6 May 2004, 
NB Mahwire (ZIM),18,1,97,3,5.38,32.33,36,,v Sri Lanka,Harare,6 May 2004, 
T Panyangara (ZIM),26.1,2,101,3,3.85,33.66,52.3,,v Sri Lanka,Harare,6 May 2004, 
E Chigumbura (ZIM),21,2,108,1,5.14,108,126,,v Sri Lanka,Bulawayo,14 May 2004, 
DT Hondo (ZIM),29,5,116,0,4,-,-,,v Sri Lanka,Bulawayo,14 May 2004, 
T Mupariwa (ZIM),34,1,136,0,4,-,-,,v Sri Lanka,Bulawayo,14 May 2004, 
ML Nkala (ZIM),32,3,111,1,3.46,111,192,,v Sri Lanka,Bulawayo,14 May 2004, 
T Panyangara (ZIM),25,4,120,1,4.8,120,150,,v Sri Lanka,Bulawayo,14 May 2004, 
A Flintoff (ENG),37.5,12,103,3,2.72,34.33,75.6,,v New Zealand,Lord's,20 May 2004, 
SJ Harmison (ENG),60,15,202,8,3.36,25.25,45,,v New Zealand,Lord's,20 May 2004, 
MJ Hoggard (ENG),36,10,107,1,2.97,107,216,,v New Zealand,Lord's,20 May 2004, 
SP Jones (ENG),46,13,146,4,3.17,36.5,69,,v New Zealand,Lord's,20 May 2004, 
TL Best (WI),33,5,97,1,2.93,97,198,,v Bangladesh,Gros Islet,28 May 2004, 
FH Edwards (WI),40,3,139,2,3.47,69.5,120,,v Bangladesh,Gros Islet,28 May 2004, 
JJC Lawson (WI),32,2,126,2,3.93,63,96,,v Bangladesh,Gros Islet,28 May 2004, 
A Flintoff (ENG),27,7,64,2,2.37,32,81,,v New Zealand,Leeds,3 Jun 2004, 
SJ Harmison (ENG),52.2,13,131,7,2.5,18.71,44.8,,v New Zealand,Leeds,3 Jun 2004, 
MJ Hoggard (ENG),42,10,168,6,4,28,42,,v New Zealand,Leeds,3 Jun 2004, 
MJ Saggers (ENG),30,6,86,2,2.86,43,90,,v New Zealand,Leeds,3 Jun 2004, 
TL Best (WI),30,4,85,2,2.83,42.5,90,,v Bangladesh,Kingston,4 Jun 2004, 
FH Edwards (WI),20,5,66,2,3.3,33,60,,v Bangladesh,Kingston,4 Jun 2004, 
A Flintoff (ENG),34,5,108,4,3.17,27,51,,v New Zealand,Nottingham,10 Jun 2004, 
SJ Harmison (ENG),57,16,131,6,2.29,21.83,57,,v New Zealand,Nottingham,10 Jun 2004, 
MJ Hoggard (ENG),25,6,85,2,3.4,42.5,75,,v New Zealand,Nottingham,10 Jun 2004, 
MJ Saggers (ENG),22,5,80,2,3.63,40,66,,v New Zealand,Nottingham,10 Jun 2004, 
JN Gillespie (AUS),26,6,55,2,2.11,27.5,78,,v Sri Lanka,Darwin,1 Jul 2004, 
MS Kasprowicz (AUS),17.4,3,39,7,2.2,5.57,15.1,,v Sri Lanka,Darwin,1 Jul 2004, 
GD McGrath (AUS),31,13,61,7,1.96,8.71,26.5,,v Sri Lanka,Darwin,1 Jul 2004,
